{"stats":{"minecraft:dropped":{"gravestone:obituary":5},"minecraft:killed_by":{"minecraft:player":3,"minecraft:ravager":1},"minecraft:custom":{"minecraft:jump":37,"minecraft:time_since_rest":1633,"minecraft:crouch_one_cm":133,"minecraft:play_one_minute":3857,"minecraft:deaths":4,"minecraft:sprint_one_cm":2903,"minecraft:damage_taken":1026,"minecraft:time_since_death":1589,"minecraft:walk_one_cm":9038,"minecraft:sneak_time":79,"minecraft:drop":5,"minecraft:fall_one_cm":418,"minecraft:fly_one_cm":7333},"minecraft:picked_up":{"gravestone:obituary":3,"minecraft:ravager_spawn_egg":1,"tac:p90":1},"minecraft:used":{"minecraft:black_concrete":6}},"DataVersion":2586}