{"stats":{"minecraft:dropped":{"gravestone:obituary":5},"minecraft:killed_by":{"minecraft:ravager":1,"minecraft:player":3},"minecraft:custom":{"minecraft:time_since_rest":13633,"minecraft:open_chest":16,"minecraft:play_one_minute":15857,"minecraft:crouch_one_cm":226,"minecraft:sprint_one_cm":6830,"minecraft:walk_one_cm":28457,"minecraft:damage_taken":1026,"minecraft:deaths":4,"minecraft:sneak_time":184,"minecraft:drop":5,"minecraft:jump":67,"minecraft:inspect_hopper":4,"minecraft:time_since_death":13589,"minecraft:fall_one_cm":418,"minecraft:fly_one_cm":60756},"minecraft:picked_up":{"gravestone:obituary":3,"minecraft:ravager_spawn_egg":1,"tac:p90":1},"minecraft:used":{"minecraft:stone_bricks":3,"minecraft:jungle_leaves":10,"minecraft:black_concrete":66,"minecraft:grass_block":8,"minecraft:white_concrete":12,"minecraft:smooth_stone":31}},"DataVersion":2586}