{"stats":{"minecraft:custom":{"minecraft:time_since_rest":1175,"minecraft:deaths":2,"minecraft:play_one_minute":31445,"minecraft:crouch_one_cm":152,"minecraft:sprint_one_cm":4188,"minecraft:damage_taken":400,"minecraft:walk_one_cm":43810,"minecraft:sneak_time":29,"minecraft:mob_kills":14,"minecraft:drop":2,"minecraft:jump":101,"minecraft:leave_game":1,"minecraft:time_since_death":94,"minecraft:fall_one_cm":1103,"minecraft:fly_one_cm":17481},"minecraft:killed_by":{"minecraft:player":2},"minecraft:dropped":{"minecraft:ghast_spawn_egg":1,"tac:workbench":1},"minecraft:killed":{"minecraft:skeleton":1,"minecraft:spider":7,"minecraft:ravager":1,"minecraft:creeper":4,"minecraft:ghast":2},"minecraft:used":{"tac:workbench":2,"minecraft:ghast_spawn_egg":10},"minecraft:picked_up":{"minecraft:bone":1,"tac:minigun":1,"vehicle:vehicle_crate":4,"tac:elcan_14x":2,"vehicle:spray_can":2,"tac:scar_l":1,"tac:57x28":49,"vehicle:fuelium_bucket":1,"tac:nato_556_bullet":180,"minecraft:iron_ingot":28,"tac:scar_mk20":1,"tac:ai_awp":1,"tac:basic_laser":1,"tac:rpg7":1,"minecraft:ravager_spawn_egg":1,"minecraft:redstone":1,"tac:colt_python":1,"minecraft:spider_eye":1,"tac:workbench":2,"minecraft:crafting_table":1}},"DataVersion":2586}