{"stats":{"minecraft:killed":{"minecraft:witch":1,"minecraft:spider":10,"minecraft:skeleton":31,"minecraft:bee":1,"minecraft:elder_guardian":2,"minecraft:wandering_trader":1,"minecraft:ender_dragon":1,"minecraft:ravager":14,"minecraft:creeper":13,"minecraft:sheep":5,"minecraft:trader_llama":2,"minecraft:zombie":14,"minecraft:ghast":8,"minecraft:enderman":3,"minecraft:cow":2},"minecraft:crafted":{"vehicle:spray_can":4},"minecraft:mined":{"minecraft:grass_block":1,"minecraft:tall_grass":3,"minecraft:grass":12,"minecraft:dirt":2},"minecraft:custom":{"minecraft:interact_with_anvil":1,"minecraft:mob_kills":119,"minecraft:interact_with_crafting_table":7,"minecraft:leave_game":19,"minecraft:time_since_death":283926,"minecraft:damage_resisted":49,"minecraft:sprint_one_cm":174001,"minecraft:walk_one_cm":636937,"minecraft:drop":332,"minecraft:deaths":17,"minecraft:sneak_time":21889,"minecraft:walk_under_water_one_cm":8034,"minecraft:jump":1182,"minecraft:walk_on_water_one_cm":21323,"minecraft:play_one_minute":611378,"minecraft:time_since_rest":283962,"minecraft:damage_absorbed":160,"minecraft:damage_taken":3972,"minecraft:trigger_trapped_chest":1,"minecraft:damage_dealt":2216,"minecraft:fly_one_cm":3762410,"minecraft:player_kills":18,"minecraft:crouch_one_cm":16024,"minecraft:fall_one_cm":7231},"minecraft:picked_up":{"tac:udp_9":5,"vehicle:vehicle_crate":10,"tac:scar_l":6,"vehicle:blaze_juice_bucket":3,"minecraft:orange_concrete":14,"tac:bullet_308":60,"minecraft:ghast_spawn_egg":1,"minecraft:ender_eye":17,"minecraft:poppy":4,"minecraft:enchanted_golden_apple":255,"cgm:bazooka":1,"cgm:advanced_bullet":1600,"minecraft:smooth_quartz_stairs":2,"minecraft:stick":6,"tac:elcan_14x":1,"tac:ultimate_material":1,"minecraft:arrow":5,"minecraft:rotten_flesh":9,"minecraft:peony":2,"tac:m82a2":4,"tac:ai_awp":1,"minecraft:saddle":2,"minecraft:netherite_chestplate":3,"minecraft:ravager_spawn_egg":3,"minecraft:cobblestone":44,"tac:workbench":3,"minecraft:netherite_boots":3,"tac:57x28":55,"minecraft:end_portal_frame":2,"tac:large_extended_mag":3,"tac:old_8x_scope":1,"minecraft:netherite_leggings":3,"minecraft:dirt":5,"tac:8x_scope":1,"minecraft:bone":24,"minecraft:wheat_seeds":21,"tac:nato_556_bullet":330,"tac:9mm_round":420,"tac:50bmg":210,"tac:ammo_he":1,"vehicle:spray_can":3,"tac:skin_magenta":1,"minecraft:enderman_spawn_egg":2,"minecraft:spruce_sapling":128,"minecraft:white_bed":2,"minecraft:grass_block":115,"tac:qmk152":1,"minecraft:spider_eye":1,"minecraft:black_concrete":1,"minecraft:netherite_helmet":2,"minecraft:white_concrete":1,"minecraft:oak_sapling":2,"tac:uncommon_material":64,"minecraft:red_concrete":1,"minecraft:ender_pearl":1},"minecraft:killed_by":{"minecraft:player":6,"minecraft:enderman":2,"minecraft:skeleton":2,"minecraft:zombie":2},"minecraft:used":{"minecraft:netherite_sword":16,"minecraft:iron_bars":10,"minecraft:orange_concrete":187,"minecraft:smooth_quartz_slab":13,"minecraft:red_concrete":13,"vehicle:vehicle_crate":44,"minecraft:torch":56,"minecraft:dirt":27,"minecraft:anvil":1,"minecraft:glass":193,"minecraft:ravager_spawn_egg":33,"minecraft:sea_lantern":19,"minecraft:lava_bucket":1,"minecraft:bookshelf":19,"minecraft:quartz_slab":20,"minecraft:lantern":87,"minecraft:grass_block":2358,"minecraft:polished_andesite_stairs":3,"minecraft:smooth_quartz":449,"minecraft:stone_bricks":92,"cgm:grenade_launcher":4,"minecraft:item_frame":4,"minecraft:tripwire_hook":13,"minecraft:purple_concrete":118,"minecraft:trapped_chest":1,"minecraft:enchanted_golden_apple":2,"minecraft:crimson_stem":1,"tac:workbench":3,"minecraft:elder_guardian_spawn_egg":2,"vehicle:workstation":2,"minecraft:cauldron":2,"minecraft:smooth_quartz_stairs":9,"minecraft:crafting_table":1,"minecraft:yellow_concrete":20,"minecraft:white_bed":2,"cgm:bazooka":5,"minecraft:painting":5,"minecraft:dark_oak_door":6,"minecraft:enderman_spawn_egg":11,"minecraft:ender_eye":45,"minecraft:black_concrete":207,"minecraft:spruce_trapdoor":11,"minecraft:potion":3,"minecraft:red_concrete_powder":10,"minecraft:glass_pane":9,"minecraft:end_portal_frame":2,"minecraft:white_concrete":30},"minecraft:dropped":{"minecraft:red_concrete_powder":1,"tac:mini_dot":1,"minecraft:wheat_seeds":2,"tac:large_extended_mag":2,"vehicle:spray_can":2,"minecraft:netherite_chestplate":2,"minecraft:netherite_helmet":1,"vehicle:blaze_juice_bucket":1,"minecraft:cobblestone":11,"minecraft:purple_concrete":1,"minecraft:elder_guardian_spawn_egg":1,"tac:scar_l":6,"minecraft:grass_block":32,"minecraft:enderman_spawn_egg":1,"minecraft:stick":2,"tac:workbench":1,"minecraft:dirt":2,"tac:nato_556_bullet":166,"minecraft:netherite_boots":2,"minecraft:potion":1,"tac:ultimate_material":2,"tac:skin_black":1,"minecraft:black_concrete":1,"minecraft:trapped_chest":1,"tac:50bmg":140,"minecraft:spruce_sapling":64,"minecraft:gold_ingot":3,"minecraft:bone":7,"cgm:advanced_bullet":768,"minecraft:ravager_spawn_egg":2,"tac:m82a2":2,"tac:8x_scope":1,"minecraft:netherite_sword":1,"vehicle:workstation":1,"minecraft:rotten_flesh":2,"tac:ai_awp":1,"minecraft:enchanted_golden_apple":71,"tac:ammo_i":1,"minecraft:ender_eye":1,"vehicle:vehicle_crate":7,"cgm:grenade_launcher":1,"minecraft:netherite_leggings":2,"minecraft:poppy":1,"tac:udp_9":2,"tac:57x28":55,"tac:sro_dot":1,"tac:uncommon_material":8,"minecraft:end_portal_frame":1,"minecraft:arrow":2,"tac:9mm_round":225}},"DataVersion":2586}