{"stats":{"minecraft:used":{"minecraft:crimson_stem":1,"tac:workbench":3,"minecraft:netherite_sword":16,"minecraft:red_concrete":13,"minecraft:elder_guardian_spawn_egg":2,"vehicle:workstation":2,"vehicle:vehicle_crate":27,"minecraft:torch":56,"minecraft:dirt":27,"minecraft:anvil":1,"minecraft:white_bed":2,"minecraft:lava_bucket":1,"minecraft:ravager_spawn_egg":33,"minecraft:ender_eye":45,"minecraft:enderman_spawn_egg":11,"minecraft:black_concrete":18,"minecraft:grass_block":2334,"minecraft:smooth_quartz":81,"minecraft:potion":3,"minecraft:red_concrete_powder":10,"minecraft:trapped_chest":1,"minecraft:end_portal_frame":2,"minecraft:white_concrete":3,"minecraft:enchanted_golden_apple":2},"minecraft:killed":{"minecraft:witch":1,"minecraft:elder_guardian":2,"minecraft:spider":10,"minecraft:wandering_trader":1,"minecraft:ender_dragon":1,"minecraft:ravager":14,"minecraft:creeper":13,"minecraft:sheep":5,"minecraft:skeleton":31,"minecraft:trader_llama":2,"minecraft:zombie":14,"minecraft:bee":1,"minecraft:ghast":8,"minecraft:enderman":3,"minecraft:cow":2},"minecraft:crafted":{"vehicle:spray_can":3},"minecraft:dropped":{"cgm:advanced_bullet":768,"minecraft:wheat_seeds":2,"minecraft:red_concrete_powder":1,"minecraft:ravager_spawn_egg":2,"tac:mini_dot":1,"tac:m82a2":2,"tac:large_extended_mag":2,"tac:8x_scope":1,"minecraft:netherite_sword":1,"minecraft:netherite_helmet":1,"vehicle:spray_can":2,"minecraft:netherite_chestplate":2,"vehicle:workstation":1,"vehicle:blaze_juice_bucket":1,"minecraft:cobblestone":11,"minecraft:rotten_flesh":2,"minecraft:elder_guardian_spawn_egg":1,"tac:scar_l":6,"tac:ai_awp":1,"minecraft:enchanted_golden_apple":71,"tac:ammo_i":1,"minecraft:ender_eye":1,"vehicle:vehicle_crate":7,"minecraft:grass_block":32,"minecraft:enderman_spawn_egg":1,"minecraft:netherite_leggings":2,"minecraft:stick":2,"tac:workbench":1,"minecraft:poppy":1,"tac:nato_556_bullet":166,"minecraft:dirt":2,"tac:udp_9":2,"tac:sro_dot":1,"tac:57x28":55,"minecraft:netherite_boots":2,"tac:uncommon_material":8,"minecraft:end_portal_frame":1,"minecraft:potion":1,"tac:ultimate_material":2,"tac:skin_black":1,"minecraft:arrow":2,"tac:9mm_round":225,"minecraft:trapped_chest":1,"tac:50bmg":140,"minecraft:spruce_sapling":64,"minecraft:gold_ingot":3,"minecraft:bone":7},"minecraft:picked_up":{"minecraft:netherite_boots":3,"tac:udp_9":5,"vehicle:vehicle_crate":10,"tac:scar_l":6,"tac:57x28":55,"minecraft:end_portal_frame":2,"tac:large_extended_mag":3,"vehicle:blaze_juice_bucket":3,"tac:old_8x_scope":1,"minecraft:netherite_leggings":3,"minecraft:dirt":5,"tac:8x_scope":1,"minecraft:ghast_spawn_egg":1,"tac:bullet_308":60,"minecraft:bone":24,"minecraft:wheat_seeds":21,"tac:nato_556_bullet":330,"minecraft:ender_eye":17,"tac:9mm_round":420,"minecraft:poppy":4,"minecraft:enchanted_golden_apple":255,"cgm:advanced_bullet":1600,"minecraft:stick":6,"tac:ammo_he":1,"tac:elcan_14x":1,"tac:50bmg":210,"vehicle:spray_can":3,"tac:skin_magenta":1,"minecraft:enderman_spawn_egg":2,"tac:ultimate_material":1,"minecraft:spruce_sapling":128,"minecraft:white_bed":2,"minecraft:grass_block":115,"tac:qmk152":1,"minecraft:spider_eye":1,"minecraft:arrow":5,"minecraft:rotten_flesh":7,"minecraft:black_concrete":1,"minecraft:netherite_helmet":2,"minecraft:peony":2,"tac:m82a2":4,"tac:ai_awp":1,"minecraft:white_concrete":1,"minecraft:saddle":2,"minecraft:netherite_chestplate":3,"minecraft:ravager_spawn_egg":3,"minecraft:oak_sapling":2,"tac:uncommon_material":64,"minecraft:red_concrete":1,"tac:workbench":3,"minecraft:cobblestone":44,"minecraft:ender_pearl":1},"minecraft:mined":{"minecraft:grass_block":1,"minecraft:tall_grass":3,"minecraft:grass":12,"minecraft:dirt":2},"minecraft:custom":{"minecraft:mob_kills":119,"minecraft:interact_with_anvil":1,"minecraft:interact_with_crafting_table":6,"minecraft:play_one_minute":486610,"minecraft:leave_game":18,"minecraft:time_since_death":159158,"minecraft:damage_resisted":49,"minecraft:damage_absorbed":160,"minecraft:damage_taken":3972,"minecraft:time_since_rest":159194,"minecraft:sprint_one_cm":149372,"minecraft:walk_one_cm":445287,"minecraft:trigger_trapped_chest":1,"minecraft:drop":329,"minecraft:damage_dealt":2216,"minecraft:fly_one_cm":3349222,"minecraft:player_kills":18,"minecraft:crouch_one_cm":11857,"minecraft:deaths":17,"minecraft:sneak_time":19604,"minecraft:walk_under_water_one_cm":8034,"minecraft:jump":954,"minecraft:walk_on_water_one_cm":21323,"minecraft:fall_one_cm":7231},"minecraft:killed_by":{"minecraft:player":6,"minecraft:skeleton":2,"minecraft:zombie":2,"minecraft:enderman":2}},"DataVersion":2586}