{"stats":{"minecraft:dropped":{"minecraft:ender_eye":1},"minecraft:mined":{"minecraft:grass":12,"minecraft:grass_block":1,"minecraft:dirt":2,"minecraft:tall_grass":3},"minecraft:used":{"minecraft:crimson_stem":1,"minecraft:netherite_sword":10,"minecraft:ender_eye":45,"minecraft:dirt":27,"minecraft:anvil":1,"minecraft:white_bed":2,"minecraft:end_portal_frame":2},"minecraft:killed":{"minecraft:spider":1,"minecraft:ender_dragon":1,"minecraft:enderman":2},"minecraft:picked_up":{"minecraft:wheat_seeds":3,"minecraft:ender_eye":17,"minecraft:oak_sapling":1,"minecraft:dirt":3,"minecraft:ender_pearl":1},"minecraft:custom":{"minecraft:time_since_rest":47168,"minecraft:crouch_one_cm":2035,"minecraft:play_one_minute":69718,"minecraft:sprint_one_cm":39463,"minecraft:damage_taken":1231,"minecraft:deaths":6,"minecraft:walk_one_cm":57712,"minecraft:sneak_time":5673,"minecraft:interact_with_anvil":1,"minecraft:walk_under_water_one_cm":2516,"minecraft:mob_kills":4,"minecraft:drop":1,"minecraft:jump":322,"minecraft:damage_dealt":1410,"minecraft:leave_game":3,"minecraft:walk_on_water_one_cm":1995,"minecraft:time_since_death":47055,"minecraft:fall_one_cm":3829,"minecraft:fly_one_cm":808772},"minecraft:killed_by":{"minecraft:skeleton":2,"minecraft:zombie":2}},"DataVersion":2586}