{"stats":{"minecraft:mined":{"minecraft:grass":18,"minecraft:grass_block":1},"minecraft:picked_up":{"minecraft:wheat_seeds":2,"minecraft:dirt":10},"minecraft:custom":{"minecraft:jump":185,"minecraft:time_since_rest":6907,"minecraft:leave_game":1,"minecraft:sprint_one_cm":13971,"minecraft:play_time":6907,"minecraft:damage_taken":40,"minecraft:time_since_death":6907,"minecraft:walk_one_cm":8626,"minecraft:total_world_time":6907,"minecraft:fall_one_cm":2777,"minecraft:fly_one_cm":35862}},"DataVersion":3465}