{"stats":{"minecraft:dropped":{"minecraft:ender_eye":1},"minecraft:mined":{"minecraft:grass":12,"minecraft:grass_block":1,"minecraft:dirt":2,"minecraft:tall_grass":3},"minecraft:used":{"minecraft:crimson_stem":1,"minecraft:ender_eye":10,"minecraft:dirt":27,"minecraft:anvil":1,"minecraft:end_portal_frame":2},"minecraft:killed":{"minecraft:spider":1},"minecraft:picked_up":{"minecraft:wheat_seeds":3,"minecraft:ender_eye":1,"minecraft:oak_sapling":1,"minecraft:dirt":3},"minecraft:custom":{"minecraft:time_since_rest":18345,"minecraft:crouch_one_cm":1890,"minecraft:play_one_minute":40895,"minecraft:sprint_one_cm":27415,"minecraft:damage_taken":1231,"minecraft:deaths":6,"minecraft:walk_one_cm":44788,"minecraft:sneak_time":4993,"minecraft:interact_with_anvil":1,"minecraft:walk_under_water_one_cm":2516,"minecraft:mob_kills":1,"minecraft:drop":1,"minecraft:jump":302,"minecraft:damage_dealt":590,"minecraft:leave_game":2,"minecraft:walk_on_water_one_cm":1995,"minecraft:time_since_death":18319,"minecraft:fall_one_cm":3829,"minecraft:fly_one_cm":469163},"minecraft:killed_by":{"minecraft:skeleton":2,"minecraft:zombie":2}},"DataVersion":2586}