{"stats":{"minecraft:killed_by":{"minecraft:zombie":2,"minecraft:player":16,"minecraft:enderman":2,"minecraft:skeleton":2},"minecraft:dropped":{"prefab:item_modern_buildings":1,"tac:mini_dot":1,"tac:large_extended_mag":4,"minecraft:crafting_table":1,"prefab:item_town_hall":1,"tac:scar_l":6,"minecraft:lantern":2,"minecraft:saddle":2,"tac:workbench":1,"minecraft:dirt":34,"tac:nato_556_bullet":166,"tac:coyote_sight":3,"minecraft:netherite_boots":2,"tac:ultimate_material":4,"minecraft:black_concrete":3,"tac:50bmg":140,"minecraft:cauldron":1,"minecraft:gold_ingot":3,"minecraft:bone":7,"minecraft:netherite_sword":1,"minecraft:rotten_flesh":2,"minecraft:enchanted_golden_apple":71,"vehicle:vehicle_crate":11,"securitycraft:codebreaker":1,"minecraft:poppy":1,"minecraft:sea_lantern":1,"tac:uncommon_material":8,"securitycraft:camera_monitor":1,"minecraft:arrow":2,"minecraft:glass":1,"minecraft:red_concrete_powder":1,"minecraft:wheat_seeds":3,"tac:ir_laser":1,"tac:light_grip":3,"minecraft:smooth_quartz_stairs":3,"vehicle:spray_can":2,"securitycraft:reinforced_light_blue_stained_glass":1,"minecraft:netherite_helmet":1,"minecraft:netherite_chestplate":2,"vehicle:blaze_juice_bucket":1,"cgm:mini_gun":1,"minecraft:cobblestone":12,"minecraft:elder_guardian_spawn_egg":1,"minecraft:purple_concrete":2,"minecraft:grass_block":33,"minecraft:enderman_spawn_egg":1,"prefab:item_instant_bridge":1,"minecraft:stick":2,"minecraft:lava_bucket":1,"minecraft:iron_trapdoor":1,"minecraft:smooth_quartz":2,"prefab:item_ender_gateway":1,"minecraft:potion":1,"minecraft:smooth_quartz_slab":1,"tac:skin_black":1,"prefab:item_advanced_warehouse":1,"minecraft:trapped_chest":1,"minecraft:spruce_sapling":64,"cgm:advanced_bullet":768,"minecraft:ravager_spawn_egg":2,"tac:m82a2":4,"tac:silencer":2,"tac:8x_scope":1,"minecraft:orange_concrete":1,"vehicle:workstation":1,"tac:ai_awp":2,"tac:ammo_i":3,"minecraft:ender_eye":2,"cgm:grenade_launcher":1,"minecraft:netherite_leggings":2,"minecraft:potato":19,"tac:udp_9":3,"tac:specialised_grip":5,"tac:sro_dot":1,"tac:57x28":55,"minecraft:oak_sapling":1,"cgm:bazooka":1,"minecraft:end_portal_frame":1,"tac:vector45":1,"prefab:block_glass_stairs":1,"tac:9mm_round":225},"minecraft:custom":{"minecraft:interact_with_crafting_table":8,"minecraft:bell_ring":9,"minecraft:leave_game":32,"minecraft:time_since_death":3914,"minecraft:damage_resisted":49,"minecraft:sprint_one_cm":432205,"minecraft:drop":448,"minecraft:talked_to_villager":7,"minecraft:deaths":33,"minecraft:jump":2816,"minecraft:walk_on_water_one_cm":68278,"minecraft:play_one_minute":1761448,"minecraft:damage_dealt":7225,"minecraft:player_kills":31,"minecraft:crouch_one_cm":55572,"minecraft:mob_kills":253,"minecraft:interact_with_anvil":1,"minecraft:climb_one_cm":1690,"minecraft:walk_one_cm":1936879,"minecraft:damage_dealt_absorbed":250,"minecraft:sneak_time":55493,"minecraft:walk_under_water_one_cm":24205,"minecraft:time_since_rest":3957,"minecraft:damage_taken":7088,"minecraft:damage_absorbed":160,"minecraft:trigger_trapped_chest":1,"minecraft:minecart_one_cm":277,"minecraft:swim_one_cm":1534,"minecraft:fly_one_cm":10654954,"minecraft:open_chest":54,"minecraft:fall_one_cm":10202},"minecraft:used":{"securitycraft:trophy_system":1,"minecraft:light_blue_stained_glass_pane":1,"minecraft:smooth_quartz_slab":1094,"minecraft:ladder":49,"minecraft:oak_sign":11,"minecraft:black_carpet":3,"minecraft:stone":429,"prefab:block_glass_stairs":1,"minecraft:creeper_head":3,"securitycraft:security_camera":25,"minecraft:grass":12,"minecraft:quartz_stairs":16,"minecraft:bell":3,"minecraft:player_head":1,"minecraft:smooth_sandstone_stairs":46,"minecraft:brick_slab":12,"securitycraft:reinforced_light_blue_stained_glass":195,"minecraft:stripped_spruce_log":30,"minecraft:glass":357,"securitycraft:camera_monitor":29,"securitycraft:secret_spruce_sign_item":2,"minecraft:cyan_terracotta":14,"minecraft:lava_bucket":5,"minecraft:netherite_shovel":288,"minecraft:bricks":4,"minecraft:villager_spawn_egg":37,"minecraft:quartz_slab":20,"minecraft:black_stained_glass_pane":6,"minecraft:lantern":206,"minecraft:grass_block":4215,"minecraft:polished_andesite_stairs":3,"minecraft:dark_oak_slab":25,"minecraft:dark_oak_button":7,"minecraft:stone_bricks":193,"minecraft:item_frame":6,"minecraft:birch_trapdoor":32,"minecraft:snow":25,"minecraft:gray_bed":21,"minecraft:end_stone_brick_stairs":1,"minecraft:potato":4,"securitycraft:alarm":1,"minecraft:dragon_head":4,"minecraft:dark_oak_stairs":82,"minecraft:brick_wall":10,"minecraft:elder_guardian_spawn_egg":2,"minecraft:dark_oak_sign":16,"minecraft:gray_carpet":3,"minecraft:oak_planks":1,"minecraft:ender_pearl":10,"securitycraft:block_pocket_manager":6,"minecraft:oak_leaves":90,"minecraft:smooth_quartz_stairs":124,"minecraft:dark_oak_trapdoor":16,"vehicle:jack":4,"minecraft:sand":57,"securitycraft:reinforced_light_gray_concrete":1,"minecraft:yellow_concrete":196,"securitycraft:universal_block_remover":6,"cgm:bazooka":66,"minecraft:gray_concrete":297,"minecraft:enderman_spawn_egg":11,"minecraft:black_concrete":648,"minecraft:dark_oak_log":17,"minecraft:zombie_head":2,"minecraft:light_gray_concrete":199,"minecraft:lime_carpet":73,"minecraft:stone_button":5,"minecraft:soul_lantern":3,"minecraft:stripped_oak_wood":15,"minecraft:andesite":104,"minecraft:white_concrete":118,"securitycraft:briefcase":2,"cgm:mini_gun":663,"minecraft:netherite_sword":52,"minecraft:iron_bars":17,"minecraft:orange_concrete":187,"minecraft:red_concrete":13,"minecraft:armor_stand":8,"securitycraft:keypad_chest":107,"minecraft:redstone":1,"minecraft:spruce_planks":109,"securitycraft:scanner_trapdoor":15,"vehicle:vehicle_crate":85,"minecraft:torch":551,"minecraft:dirt":27,"minecraft:anvil":1,"minecraft:white_carpet":12,"minecraft:hopper":2,"minecraft:light_blue_stained_glass":74,"minecraft:oak_fence_gate":2,"minecraft:stone_brick_slab":32,"minecraft:ravager_spawn_egg":42,"minecraft:dark_oak_planks":113,"minecraft:sea_lantern":68,"minecraft:bookshelf":326,"minecraft:iron_block":2,"minecraft:smooth_quartz":1260,"cgm:grenade_launcher":4,"securitycraft:sentry":5,"minecraft:tripwire_hook":13,"minecraft:purple_concrete":175,"minecraft:glowstone":3,"minecraft:black_stained_glass":56,"minecraft:iron_trapdoor":13,"securitycraft:dirt_mine":1,"minecraft:minecart":2,"securitycraft:block_pocket_wall":3,"minecraft:trapped_chest":1,"minecraft:observer":4,"minecraft:enchanted_golden_apple":2,"minecraft:crimson_stem":9,"tac:workbench":3,"minecraft:water_bucket":118,"minecraft:warped_stem":11,"securitycraft:projector":6,"minecraft:cobblestone_stairs":5,"minecraft:birch_planks":1,"cgm:pistol":11,"securitycraft:panic_button":1,"vehicle:workstation":4,"minecraft:cauldron":2,"minecraft:spruce_sign":23,"securitycraft:scanner_door_item":2,"minecraft:pink_concrete":1,"minecraft:rail":3,"minecraft:crafting_table":1,"minecraft:campfire":3,"minecraft:white_bed":10,"minecraft:painting":29,"minecraft:spruce_log":102,"minecraft:dark_oak_door":22,"minecraft:ender_eye":61,"minecraft:stone_slab":61,"minecraft:spruce_trapdoor":76,"securitycraft:bucket_f_water":1,"minecraft:cobblestone":3,"minecraft:potion":6,"minecraft:end_crystal":33,"minecraft:red_concrete_powder":10,"securitycraft:admin_tool":14,"minecraft:red_banner":12,"minecraft:glass_pane":9,"minecraft:end_portal_frame":22,"minecraft:smooth_stone":58},"minecraft:crafted":{"vehicle:spray_can":4},"minecraft:mined":{"minecraft:grass_block":1,"minecraft:grass":12,"minecraft:dirt":2,"minecraft:tall_grass":3},"minecraft:killed":{"minecraft:witch":1,"minecraft:spider":25,"minecraft:skeleton":52,"minecraft:bee":1,"minecraft:chicken":1,"minecraft:zombie_villager":1,"minecraft:elder_guardian":2,"minecraft:salmon":1,"minecraft:ender_dragon":2,"minecraft:creeper":34,"minecraft:sheep":8,"minecraft:trader_llama":6,"minecraft:zombie":33,"minecraft:ghast":8,"minecraft:cow":3,"minecraft:wandering_trader":3,"minecraft:ravager":14,"minecraft:squid":1,"minecraft:villager":22,"minecraft:enderman":23},"minecraft:picked_up":{"tac:udp_9":23,"vehicle:vehicle_crate":40,"minecraft:redstone_block":2,"minecraft:iron_trapdoor":1,"minecraft:stone_slab":1,"tac:light_grip":8,"vehicle:blaze_juice_bucket":3,"minecraft:string":4,"minecraft:ghast_spawn_egg":1,"securitycraft:reinforced_light_gray_concrete":2,"minecraft:ender_eye":17,"minecraft:smooth_quartz":1,"minecraft:enchanted_golden_apple":255,"tac:sks_tactical":3,"securitycraft:codebreaker":2,"cgm:advanced_bullet":1600,"minecraft:smooth_quartz_stairs":2,"minecraft:dark_oak_door":2,"tac:ammo_i":23,"minecraft:stick":6,"tac:elcan_14x":1,"minecraft:villager_spawn_egg":2,"tac:vector45":17,"minecraft:lime_carpet":11,"minecraft:rotten_flesh":10,"minecraft:glowstone":6,"minecraft:ravager_spawn_egg":3,"minecraft:netherite_chestplate":3,"tac:workbench":3,"minecraft:cobblestone":45,"tac:round45":840,"tac:57x28":55,"minecraft:potato":135,"minecraft:wither_skeleton_skull":1,"minecraft:netherite_leggings":3,"minecraft:dirt":37,"minecraft:lantern":2,"securitycraft:sentry":1,"minecraft:bone":25,"tac:silencer":7,"minecraft:bow":1,"minecraft:wheat_seeds":22,"minecraft:dark_oak_sign":6,"tac:9mm_round":1957,"securitycraft:universal_block_reinforcer_lvl3":2,"tac:ammo_he":1,"tac:50bmg":840,"vehicle:spray_can":3,"tac:skin_magenta":1,"minecraft:enderman_spawn_egg":2,"minecraft:sand":2,"minecraft:stripped_spruce_log":2,"minecraft:grass_block":116,"cgm:pistol":3,"minecraft:light_gray_concrete":2,"tac:scar_h":6,"minecraft:black_concrete":2,"minecraft:netherite_helmet":2,"minecraft:white_concrete":7,"minecraft:spruce_sign":1,"minecraft:oak_sapling":3,"minecraft:oak_leaves":1,"tac:scar_l":7,"minecraft:orange_concrete":14,"tac:bullet_308":60,"minecraft:item_frame":2,"minecraft:white_carpet":1,"minecraft:poppy":4,"cgm:bazooka":18,"minecraft:sugar_cane":3,"minecraft:egg":1,"tac:ultimate_material":1,"minecraft:stone_button":3,"minecraft:redstone":2,"tac:coyote_sight":6,"minecraft:arrow":10,"tac:m82a2":20,"minecraft:peony":2,"tac:ai_awp":2,"minecraft:saddle":4,"minecraft:oxeye_daisy":1,"minecraft:netherite_boots":3,"minecraft:end_portal_frame":2,"tac:large_extended_mag":11,"cgm:missile":832,"minecraft:gunpowder":3,"tac:old_8x_scope":1,"tac:8x_scope":1,"minecraft:gray_carpet":1,"minecraft:stone_bricks":2,"securitycraft:security_camera":2,"tac:nato_556_bullet":330,"tac:deagle_357":6,"tac:ae50":840,"minecraft:purple_concrete":1,"tac:win_30-30":792,"minecraft:stone_brick_slab":1,"minecraft:lava_bucket":1,"minecraft:spruce_sapling":128,"minecraft:white_bed":2,"tac:qmk152":1,"minecraft:spider_eye":3,"minecraft:sea_lantern":2,"minecraft:painting":2,"minecraft:red_concrete":1,"tac:uncommon_material":64,"minecraft:coal":20,"minecraft:ender_pearl":2}},"DataVersion":2586}