{"stats":{"minecraft:killed_by":{"minecraft:player":7,"minecraft:enderman":2,"minecraft:skeleton":2,"minecraft:zombie":2},"minecraft:crafted":{"vehicle:spray_can":4},"minecraft:custom":{"minecraft:mob_kills":152,"minecraft:interact_with_anvil":1,"minecraft:interact_with_crafting_table":7,"minecraft:leave_game":22,"minecraft:time_since_death":98834,"minecraft:damage_resisted":49,"minecraft:sprint_one_cm":215839,"minecraft:walk_one_cm":881527,"minecraft:drop":367,"minecraft:deaths":20,"minecraft:sneak_time":30254,"minecraft:walk_under_water_one_cm":23333,"minecraft:jump":1509,"minecraft:walk_on_water_one_cm":25193,"minecraft:play_one_minute":855773,"minecraft:time_since_rest":98862,"minecraft:damage_taken":4427,"minecraft:damage_absorbed":160,"minecraft:trigger_trapped_chest":1,"minecraft:damage_dealt":2636,"minecraft:swim_one_cm":1019,"minecraft:fly_one_cm":5478633,"minecraft:player_kills":18,"minecraft:crouch_one_cm":23552,"minecraft:fall_one_cm":7231},"minecraft:used":{"minecraft:netherite_sword":16,"minecraft:iron_bars":10,"minecraft:orange_concrete":187,"minecraft:smooth_quartz_slab":57,"minecraft:red_concrete":13,"minecraft:oak_sign":11,"vehicle:vehicle_crate":80,"minecraft:torch":187,"minecraft:dirt":27,"minecraft:anvil":1,"minecraft:glass":357,"minecraft:ravager_spawn_egg":33,"minecraft:sea_lantern":19,"minecraft:lava_bucket":5,"minecraft:netherite_shovel":275,"minecraft:bookshelf":19,"minecraft:quartz_slab":20,"minecraft:lantern":100,"minecraft:grass_block":2751,"minecraft:polished_andesite_stairs":3,"minecraft:smooth_quartz":449,"minecraft:stone_bricks":92,"cgm:grenade_launcher":4,"minecraft:item_frame":4,"minecraft:tripwire_hook":13,"minecraft:birch_trapdoor":20,"minecraft:purple_concrete":175,"minecraft:trapped_chest":1,"minecraft:enchanted_golden_apple":2,"minecraft:crimson_stem":1,"tac:workbench":3,"minecraft:elder_guardian_spawn_egg":2,"vehicle:workstation":4,"minecraft:cauldron":2,"minecraft:smooth_quartz_stairs":60,"vehicle:jack":4,"minecraft:crafting_table":1,"minecraft:yellow_concrete":20,"minecraft:white_bed":10,"cgm:bazooka":25,"minecraft:painting":5,"minecraft:dark_oak_door":6,"minecraft:enderman_spawn_egg":11,"minecraft:ender_eye":61,"minecraft:black_concrete":269,"minecraft:spruce_trapdoor":11,"minecraft:potion":3,"minecraft:end_crystal":29,"minecraft:red_concrete_powder":10,"minecraft:glass_pane":9,"minecraft:end_portal_frame":22,"minecraft:white_concrete":30},"minecraft:dropped":{"prefab:item_modern_buildings":1,"minecraft:red_concrete_powder":1,"tac:mini_dot":1,"minecraft:wheat_seeds":3,"tac:light_grip":1,"tac:ir_laser":1,"tac:large_extended_mag":2,"minecraft:smooth_quartz_stairs":3,"minecraft:crafting_table":1,"vehicle:spray_can":2,"minecraft:netherite_chestplate":2,"minecraft:netherite_helmet":1,"prefab:item_town_hall":1,"vehicle:blaze_juice_bucket":1,"minecraft:cobblestone":11,"minecraft:elder_guardian_spawn_egg":1,"minecraft:purple_concrete":2,"tac:scar_l":6,"prefab:item_instant_bridge":1,"minecraft:grass_block":32,"minecraft:enderman_spawn_egg":1,"minecraft:stick":2,"tac:workbench":1,"minecraft:lava_bucket":1,"minecraft:dirt":2,"tac:nato_556_bullet":166,"minecraft:smooth_quartz":1,"minecraft:netherite_boots":2,"prefab:item_ender_gateway":1,"minecraft:potion":1,"tac:ultimate_material":3,"minecraft:smooth_quartz_slab":1,"tac:skin_black":1,"minecraft:black_concrete":3,"prefab:item_advanced_warehouse":1,"minecraft:trapped_chest":1,"tac:50bmg":140,"minecraft:spruce_sapling":64,"minecraft:cauldron":1,"minecraft:gold_ingot":3,"minecraft:bone":7,"cgm:advanced_bullet":768,"minecraft:ravager_spawn_egg":2,"tac:silencer":1,"tac:m82a2":2,"tac:8x_scope":1,"minecraft:netherite_sword":1,"minecraft:orange_concrete":1,"vehicle:workstation":1,"minecraft:rotten_flesh":2,"tac:ai_awp":2,"tac:ammo_i":1,"minecraft:enchanted_golden_apple":71,"minecraft:ender_eye":2,"vehicle:vehicle_crate":10,"cgm:grenade_launcher":1,"minecraft:netherite_leggings":2,"minecraft:poppy":1,"minecraft:sea_lantern":1,"tac:udp_9":2,"tac:specialised_grip":5,"tac:57x28":55,"tac:sro_dot":1,"minecraft:oak_sapling":1,"tac:uncommon_material":8,"minecraft:end_portal_frame":1,"minecraft:arrow":2,"minecraft:glass":1,"tac:9mm_round":225},"minecraft:mined":{"minecraft:grass_block":1,"minecraft:tall_grass":3,"minecraft:grass":12,"minecraft:dirt":2},"minecraft:picked_up":{"tac:udp_9":6,"vehicle:vehicle_crate":10,"tac:scar_l":7,"vehicle:blaze_juice_bucket":3,"minecraft:string":2,"minecraft:orange_concrete":14,"tac:bullet_308":60,"minecraft:ghast_spawn_egg":1,"minecraft:ender_eye":17,"minecraft:poppy":4,"minecraft:enchanted_golden_apple":255,"minecraft:sugar_cane":3,"cgm:bazooka":1,"cgm:advanced_bullet":1600,"minecraft:smooth_quartz_stairs":2,"minecraft:dark_oak_door":2,"minecraft:stick":6,"tac:elcan_14x":1,"tac:ultimate_material":1,"minecraft:arrow":5,"minecraft:rotten_flesh":9,"minecraft:peony":2,"tac:m82a2":4,"tac:ai_awp":2,"minecraft:saddle":2,"minecraft:netherite_chestplate":3,"minecraft:ravager_spawn_egg":3,"minecraft:cobblestone":44,"tac:workbench":3,"minecraft:oxeye_daisy":1,"minecraft:netherite_boots":3,"tac:57x28":55,"minecraft:end_portal_frame":2,"tac:large_extended_mag":3,"minecraft:gunpowder":1,"tac:old_8x_scope":1,"minecraft:netherite_leggings":3,"minecraft:dirt":5,"tac:8x_scope":1,"minecraft:bone":24,"minecraft:wheat_seeds":21,"tac:nato_556_bullet":330,"tac:9mm_round":420,"minecraft:purple_concrete":1,"tac:50bmg":210,"tac:ammo_he":1,"vehicle:spray_can":3,"tac:skin_magenta":1,"minecraft:lava_bucket":1,"minecraft:enderman_spawn_egg":2,"minecraft:spruce_sapling":128,"minecraft:white_bed":2,"minecraft:grass_block":115,"tac:qmk152":1,"minecraft:spider_eye":2,"minecraft:netherite_helmet":2,"minecraft:black_concrete":2,"minecraft:white_concrete":1,"minecraft:oak_sapling":2,"tac:uncommon_material":64,"minecraft:red_concrete":1,"minecraft:coal":20,"minecraft:ender_pearl":1},"minecraft:killed":{"minecraft:witch":1,"minecraft:spider":16,"minecraft:skeleton":36,"minecraft:bee":1,"minecraft:elder_guardian":2,"minecraft:wandering_trader":1,"minecraft:ender_dragon":2,"minecraft:ravager":14,"minecraft:creeper":21,"minecraft:sheep":5,"minecraft:trader_llama":2,"minecraft:zombie":22,"minecraft:ghast":8,"minecraft:enderman":7,"minecraft:cow":2}},"DataVersion":2586}