{"stats":{"minecraft:crafted":{"vehicle:spray_can":3},"minecraft:used":{"minecraft:crimson_stem":1,"tac:workbench":3,"minecraft:netherite_sword":10,"minecraft:elder_guardian_spawn_egg":2,"minecraft:red_concrete":13,"vehicle:workstation":2,"vehicle:vehicle_crate":17,"minecraft:dirt":27,"minecraft:anvil":1,"minecraft:white_bed":2,"minecraft:ravager_spawn_egg":33,"minecraft:enderman_spawn_egg":11,"minecraft:ender_eye":45,"minecraft:black_concrete":18,"minecraft:grass_block":692,"minecraft:potion":3,"minecraft:red_concrete_powder":10,"minecraft:end_portal_frame":2,"minecraft:white_concrete":3},"minecraft:picked_up":{"tac:udp_9":5,"vehicle:vehicle_crate":6,"tac:scar_l":1,"tac:57x28":55,"minecraft:end_portal_frame":2,"tac:large_extended_mag":2,"tac:old_8x_scope":1,"minecraft:dirt":5,"minecraft:ghast_spawn_egg":1,"tac:bullet_308":60,"minecraft:bone":10,"minecraft:wheat_seeds":9,"minecraft:ender_eye":17,"minecraft:poppy":2,"minecraft:enchanted_golden_apple":128,"tac:9mm_round":210,"cgm:advanced_bullet":1600,"minecraft:stick":2,"tac:50bmg":90,"tac:ammo_he":1,"vehicle:spray_can":1,"tac:skin_magenta":1,"minecraft:enderman_spawn_egg":2,"minecraft:white_bed":2,"minecraft:grass_block":1,"tac:qmk152":1,"minecraft:spider_eye":1,"minecraft:arrow":4,"minecraft:rotten_flesh":4,"minecraft:black_concrete":1,"minecraft:peony":2,"tac:m82a2":3,"tac:ai_awp":1,"minecraft:white_concrete":1,"minecraft:saddle":2,"minecraft:ravager_spawn_egg":1,"minecraft:oak_sapling":1,"tac:uncommon_material":64,"minecraft:red_concrete":1,"tac:workbench":1,"minecraft:cobblestone":22,"minecraft:ender_pearl":1},"minecraft:mined":{"minecraft:grass_block":1,"minecraft:tall_grass":3,"minecraft:grass":12,"minecraft:dirt":2},"minecraft:killed_by":{"minecraft:player":4,"minecraft:skeleton":2,"minecraft:zombie":2,"minecraft:enderman":2},"minecraft:killed":{"minecraft:witch":1,"minecraft:elder_guardian":2,"minecraft:spider":7,"minecraft:wandering_trader":1,"minecraft:ender_dragon":1,"minecraft:ravager":14,"minecraft:creeper":8,"minecraft:sheep":5,"minecraft:skeleton":15,"minecraft:trader_llama":2,"minecraft:zombie":6,"minecraft:bee":1,"minecraft:ghast":8,"minecraft:enderman":2,"minecraft:cow":2},"minecraft:dropped":{"cgm:advanced_bullet":768,"minecraft:red_concrete_powder":1,"minecraft:ravager_spawn_egg":1,"minecraft:netherite_sword":1,"vehicle:spray_can":1,"vehicle:workstation":1,"minecraft:elder_guardian_spawn_egg":1,"minecraft:rotten_flesh":2,"tac:ai_awp":1,"tac:scar_l":1,"minecraft:enchanted_golden_apple":9,"minecraft:ender_eye":1,"vehicle:vehicle_crate":3,"minecraft:enderman_spawn_egg":1,"minecraft:dirt":2,"tac:nato_556_bullet":60,"tac:udp_9":2,"tac:57x28":55,"tac:uncommon_material":8,"minecraft:end_portal_frame":1,"tac:9mm_round":120,"tac:50bmg":60,"minecraft:gold_ingot":3,"minecraft:bone":1},"minecraft:custom":{"minecraft:interact_with_anvil":1,"minecraft:mob_kills":85,"minecraft:interact_with_crafting_table":6,"minecraft:play_one_minute":287461,"minecraft:leave_game":14,"minecraft:time_since_death":39723,"minecraft:time_since_rest":39751,"minecraft:sprint_one_cm":91168,"minecraft:damage_taken":3338,"minecraft:walk_one_cm":274076,"minecraft:drop":159,"minecraft:damage_dealt":1796,"minecraft:fly_one_cm":2276045,"minecraft:player_kills":15,"minecraft:crouch_one_cm":5485,"minecraft:deaths":15,"minecraft:sneak_time":12817,"minecraft:walk_under_water_one_cm":7010,"minecraft:jump":654,"minecraft:walk_on_water_one_cm":19026,"minecraft:fall_one_cm":6128}},"DataVersion":2586}