{"stats":{"minecraft:mined":{"minecraft:grass_block":1,"minecraft:tall_grass":3,"minecraft:grass":12,"minecraft:dirt":2},"minecraft:crafted":{"vehicle:spray_can":1},"minecraft:custom":{"minecraft:interact_with_anvil":1,"minecraft:mob_kills":55,"minecraft:interact_with_crafting_table":3,"minecraft:play_one_minute":166212,"minecraft:leave_game":5,"minecraft:time_since_death":33515,"minecraft:time_since_rest":33540,"minecraft:sprint_one_cm":56973,"minecraft:walk_one_cm":160017,"minecraft:damage_taken":2313,"minecraft:drop":89,"minecraft:damage_dealt":1517,"minecraft:fly_one_cm":1371662,"minecraft:player_kills":8,"minecraft:crouch_one_cm":3390,"minecraft:deaths":12,"minecraft:sneak_time":8268,"minecraft:walk_under_water_one_cm":2516,"minecraft:jump":465,"minecraft:walk_on_water_one_cm":5532,"minecraft:fall_one_cm":4874},"minecraft:dropped":{"cgm:advanced_bullet":768,"minecraft:red_concrete_powder":1,"minecraft:ravager_spawn_egg":1,"minecraft:netherite_sword":1,"vehicle:workstation":1,"tac:ai_awp":1,"tac:scar_l":1,"minecraft:ender_eye":1,"vehicle:vehicle_crate":2,"minecraft:enderman_spawn_egg":1,"tac:nato_556_bullet":60,"tac:57x28":55,"tac:uncommon_material":8,"minecraft:end_portal_frame":1,"minecraft:gold_ingot":3,"minecraft:bone":1},"minecraft:killed":{"minecraft:witch":1,"minecraft:spider":4,"minecraft:ender_dragon":1,"minecraft:ravager":14,"minecraft:creeper":8,"minecraft:sheep":5,"minecraft:skeleton":7,"minecraft:zombie":3,"minecraft:bee":1,"minecraft:ghast":8,"minecraft:enderman":2,"minecraft:cow":2},"minecraft:picked_up":{"tac:udp_9":4,"vehicle:vehicle_crate":4,"tac:scar_l":1,"tac:57x28":55,"minecraft:end_portal_frame":2,"tac:large_extended_mag":2,"tac:old_8x_scope":1,"minecraft:dirt":3,"minecraft:ghast_spawn_egg":1,"tac:bullet_308":60,"minecraft:bone":2,"minecraft:wheat_seeds":7,"minecraft:ender_eye":17,"cgm:advanced_bullet":1600,"tac:ammo_he":1,"tac:skin_magenta":1,"minecraft:enderman_spawn_egg":2,"minecraft:white_bed":2,"tac:qmk152":1,"minecraft:spider_eye":1,"minecraft:black_concrete":1,"tac:m82a2":2,"tac:ai_awp":1,"minecraft:saddle":2,"minecraft:white_concrete":1,"minecraft:oak_sapling":1,"tac:uncommon_material":64,"minecraft:red_concrete":1,"minecraft:ender_pearl":1},"minecraft:killed_by":{"minecraft:player":3,"minecraft:skeleton":2,"minecraft:zombie":2,"minecraft:enderman":1},"minecraft:used":{"minecraft:crimson_stem":1,"tac:workbench":2,"minecraft:netherite_sword":10,"minecraft:red_concrete":13,"vehicle:workstation":2,"vehicle:vehicle_crate":11,"minecraft:dirt":27,"minecraft:anvil":1,"minecraft:white_bed":2,"minecraft:enderman_spawn_egg":11,"minecraft:ravager_spawn_egg":33,"minecraft:ender_eye":45,"minecraft:black_concrete":18,"minecraft:grass_block":170,"minecraft:red_concrete_powder":10,"minecraft:end_portal_frame":2,"minecraft:white_concrete":3}},"DataVersion":2586}