{"stats":{"minecraft:mined":{"minecraft:grass":12,"minecraft:grass_block":1,"minecraft:dirt":2,"minecraft:tall_grass":3},"minecraft:used":{"minecraft:crimson_stem":1,"minecraft:dirt":27},"minecraft:killed_by":{"minecraft:skeleton":2,"minecraft:zombie":2},"minecraft:custom":{"minecraft:time_since_rest":12346,"minecraft:crouch_one_cm":1794,"minecraft:play_one_minute":34896,"minecraft:sprint_one_cm":27415,"minecraft:damage_taken":1231,"minecraft:deaths":6,"minecraft:walk_one_cm":43811,"minecraft:sneak_time":4897,"minecraft:walk_under_water_one_cm":2516,"minecraft:mob_kills":1,"minecraft:jump":298,"minecraft:damage_dealt":590,"minecraft:leave_game":2,"minecraft:walk_on_water_one_cm":1995,"minecraft:time_since_death":12320,"minecraft:fall_one_cm":3829,"minecraft:fly_one_cm":456633},"minecraft:picked_up":{"minecraft:wheat_seeds":3,"minecraft:oak_sapling":1,"minecraft:dirt":3},"minecraft:killed":{"minecraft:spider":1}},"DataVersion":2586}