{"stats":{"minecraft:picked_up":{"vehicle:gas_pump":1,"securitycraft:harming_module":1,"minecraft:flint":5,"minecraft:oak_log":6,"securitycraft:smart_module":1,"minecraft:oak_sapling":3,"minecraft:dirt":42},"minecraft:used":{"minecraft:ravager_spawn_egg":1,"minecraft:enderman_spawn_egg":2,"securitycraft:reinforced_obsidian":17,"minecraft:dirt":14,"vehicle:gas_pump":2,"cgm:bazooka":12,"vehicle:vehicle_crate":4},"minecraft:custom":{"minecraft:open_chest":7,"minecraft:time_since_rest":1198,"minecraft:play_one_minute":95843,"minecraft:crouch_one_cm":2325,"minecraft:sprint_one_cm":23698,"minecraft:deaths":1,"minecraft:walk_one_cm":60461,"minecraft:sneak_time":2387,"minecraft:mob_kills":24,"minecraft:drop":10,"minecraft:jump":178,"minecraft:inspect_hopper":1,"minecraft:damage_dealt":275,"minecraft:leave_game":5,"minecraft:time_since_death":1160,"minecraft:fly_one_cm":959898,"minecraft:player_kills":3},"minecraft:killed":{"minecraft:skeleton":4,"minecraft:spider":2,"minecraft:zombie":1,"minecraft:ravager":1,"minecraft:squid":3,"minecraft:chicken":1,"minecraft:creeper":4,"minecraft:enderman":3,"minecraft:cow":5},"minecraft:dropped":{"securitycraft:harming_module":1,"vehicle:gas_pump":1,"minecraft:ravager_spawn_egg":1,"vehicle:vehicle_crate":2,"tac:p90":2,"securitycraft:smart_module":1,"minecraft:enderman_spawn_egg":1,"cgm:bazooka":1}},"DataVersion":2586}