{"stats":{"minecraft:dropped":{"vehicle:gas_pump":1,"minecraft:ravager_spawn_egg":1,"vehicle:vehicle_crate":1,"tac:p90":1,"minecraft:enderman_spawn_egg":1,"cgm:bazooka":1},"minecraft:custom":{"minecraft:time_since_rest":38586,"minecraft:open_chest":1,"minecraft:crouch_one_cm":1566,"minecraft:play_one_minute":38586,"minecraft:sprint_one_cm":13223,"minecraft:walk_one_cm":36471,"minecraft:sneak_time":1082,"minecraft:mob_kills":15,"minecraft:drop":6,"minecraft:jump":94,"minecraft:damage_dealt":57,"minecraft:leave_game":2,"minecraft:time_since_death":38586,"minecraft:player_kills":3,"minecraft:fly_one_cm":307467},"minecraft:killed":{"minecraft:skeleton":4,"minecraft:spider":2,"minecraft:zombie":1,"minecraft:ravager":1,"minecraft:creeper":4,"minecraft:enderman":1,"minecraft:cow":2},"minecraft:picked_up":{"vehicle:gas_pump":1,"minecraft:oak_log":6,"minecraft:oak_sapling":3,"minecraft:dirt":42},"minecraft:used":{"minecraft:ravager_spawn_egg":1,"minecraft:enderman_spawn_egg":2,"minecraft:dirt":14,"vehicle:gas_pump":2,"cgm:bazooka":1,"vehicle:vehicle_crate":3}},"DataVersion":2586}