{"stats":{"minecraft:dropped":{"securitycraft:harming_module":1,"vehicle:gas_pump":1,"minecraft:ravager_spawn_egg":1,"vehicle:vehicle_crate":2,"tac:p90":1,"securitycraft:smart_module":1,"minecraft:enderman_spawn_egg":1,"cgm:bazooka":1},"minecraft:custom":{"minecraft:time_since_rest":50586,"minecraft:open_chest":4,"minecraft:crouch_one_cm":1589,"minecraft:play_one_minute":50586,"minecraft:sprint_one_cm":18431,"minecraft:walk_one_cm":48520,"minecraft:sneak_time":1163,"minecraft:mob_kills":15,"minecraft:drop":9,"minecraft:jump":120,"minecraft:inspect_hopper":1,"minecraft:damage_dealt":57,"minecraft:leave_game":2,"minecraft:time_since_death":50586,"minecraft:player_kills":3,"minecraft:fly_one_cm":317668},"minecraft:killed":{"minecraft:skeleton":4,"minecraft:spider":2,"minecraft:zombie":1,"minecraft:ravager":1,"minecraft:creeper":4,"minecraft:enderman":1,"minecraft:cow":2},"minecraft:picked_up":{"vehicle:gas_pump":1,"securitycraft:harming_module":1,"securitycraft:smart_module":1,"minecraft:oak_log":6,"gravestone:obituary":1,"minecraft:oak_sapling":3,"minecraft:dirt":42},"minecraft:used":{"minecraft:ravager_spawn_egg":1,"minecraft:enderman_spawn_egg":2,"minecraft:dirt":14,"vehicle:gas_pump":2,"cgm:bazooka":1,"vehicle:vehicle_crate":4}},"DataVersion":2586}