{"stats":{"minecraft:picked_up":{"vehicle:gas_pump":1,"minecraft:flint":5,"minecraft:oak_log":6,"minecraft:dirt":42,"securitycraft:harming_module":1,"securitycraft:smart_module":1,"minecraft:oak_sapling":3},"minecraft:used":{"untamedwilds:egg_tarantula":2,"minecraft:enderman_spawn_egg":2,"minecraft:ravager_spawn_egg":1,"vehicle:vehicle_crate":4,"untamedwilds:spawn_softshell_turtle":3,"untamedwilds:spawn_snake":3,"securitycraft:reinforced_obsidian":17,"minecraft:dirt":14,"untamedwilds:egg_large_snake":4,"vehicle:gas_pump":2,"cgm:bazooka":12},"minecraft:custom":{"minecraft:time_since_rest":25737,"minecraft:sprint_one_cm":24906,"minecraft:walk_one_cm":64210,"minecraft:mob_kills":24,"minecraft:drop":18,"minecraft:inspect_hopper":1,"minecraft:damage_dealt":409,"minecraft:fly_one_cm":1044598,"minecraft:player_kills":3,"minecraft:open_chest":7,"minecraft:crouch_one_cm":2585,"minecraft:play_one_minute":120382,"minecraft:deaths":1,"minecraft:sneak_time":2895,"minecraft:jump":207,"minecraft:leave_game":6,"minecraft:time_since_death":25699},"minecraft:killed":{"minecraft:skeleton":4,"minecraft:zombie":1,"minecraft:chicken":1,"minecraft:spider":2,"minecraft:ravager":1,"minecraft:creeper":4,"minecraft:squid":3,"minecraft:enderman":3,"minecraft:cow":5},"minecraft:dropped":{"untamedwilds:egg_large_snake":1,"vehicle:gas_pump":1,"minecraft:ravager_spawn_egg":1,"untamedwilds:spawn_snake":2,"tac:p90":2,"cgm:bazooka":1,"untamedwilds:ownership_deed":1,"securitycraft:harming_module":1,"untamedwilds:material_pearl":1,"vehicle:vehicle_crate":2,"securitycraft:smart_module":1,"minecraft:enderman_spawn_egg":1,"untamedwilds:hide_bigcat_panther":3}},"DataVersion":2586}