{"stats":{"minecraft:custom":{"minecraft:jump":46,"minecraft:open_chest":1,"minecraft:time_since_rest":15329,"minecraft:crouch_one_cm":438,"minecraft:play_one_minute":15329,"minecraft:leave_game":1,"minecraft:sprint_one_cm":5442,"minecraft:time_since_death":15329,"minecraft:walk_one_cm":21865,"minecraft:sneak_time":217,"minecraft:drop":2,"minecraft:fly_one_cm":43793},"minecraft:used":{"vehicle:gas_pump":1,"vehicle:vehicle_crate":2},"minecraft:dropped":{"vehicle:gas_pump":1,"vehicle:vehicle_crate":1},"minecraft:picked_up":{"vehicle:gas_pump":1}},"DataVersion":2586}