{"stats":{"minecraft:custom":{"minecraft:time_since_rest":30143,"minecraft:open_chest":1,"minecraft:play_one_minute":30143,"minecraft:crouch_one_cm":1428,"minecraft:sprint_one_cm":11451,"minecraft:walk_one_cm":31074,"minecraft:sneak_time":845,"minecraft:mob_kills":10,"minecraft:drop":3,"minecraft:jump":87,"minecraft:damage_dealt":57,"minecraft:leave_game":2,"minecraft:time_since_death":30143,"minecraft:fly_one_cm":237355},"minecraft:used":{"minecraft:enderman_spawn_egg":2,"minecraft:dirt":14,"vehicle:gas_pump":1,"cgm:bazooka":1,"vehicle:vehicle_crate":2},"minecraft:dropped":{"vehicle:gas_pump":1,"vehicle:vehicle_crate":1,"cgm:bazooka":1},"minecraft:picked_up":{"vehicle:gas_pump":1,"minecraft:oak_log":6,"minecraft:oak_sapling":3,"minecraft:dirt":42},"minecraft:killed":{"minecraft:skeleton":2,"minecraft:spider":1,"minecraft:zombie":1,"minecraft:creeper":3,"minecraft:cow":2,"minecraft:enderman":1}},"DataVersion":2586}