{"stats":{"minecraft:picked_up":{"minecraft:wheat_seeds":1,"minecraft:oak_log":3,"minecraft:black_wool":1,"minecraft:mutton":10,"minecraft:white_wool":4},"minecraft:killed":{"minecraft:sheep":5},"minecraft:mined":{"minecraft:grass":27,"minecraft:oak_log":3,"minecraft:tall_grass":3,"minecraft:oak_leaves":2},"minecraft:custom":{"minecraft:time_since_rest":10146,"minecraft:crouch_one_cm":50,"minecraft:play_one_minute":25626,"minecraft:damage_taken":290,"minecraft:sprint_one_cm":24974,"minecraft:deaths":1,"minecraft:walk_one_cm":41778,"minecraft:sneak_time":441,"minecraft:walk_under_water_one_cm":4821,"minecraft:mob_kills":5,"minecraft:jump":297,"minecraft:damage_dealt":459,"minecraft:leave_game":2,"minecraft:time_since_death":6394,"minecraft:walk_on_water_one_cm":3695,"minecraft:swim_one_cm":1524,"minecraft:fall_one_cm":7568,"minecraft:fly_one_cm":101265},"minecraft:killed_by":{"minecraft:zombie":1},"minecraft:used":{"minecraft:mutton":2,"minecraft:grass_block":1}},"DataVersion":2586}