{"stats":{"minecraft:used":{"minecraft:dirt":2},"minecraft:mined":{"minecraft:grass":3,"minecraft:grass_block":3},"minecraft:picked_up":{"minecraft:dirt":3},"minecraft:custom":{"minecraft:jump":70,"minecraft:time_since_rest":4806,"minecraft:crouch_one_cm":29,"minecraft:leave_game":2,"minecraft:play_time":4806,"minecraft:sprint_one_cm":7792,"minecraft:walk_on_water_one_cm":436,"minecraft:time_since_death":4806,"minecraft:walk_one_cm":3303,"minecraft:sneak_time":54,"minecraft:total_world_time":4806,"minecraft:walk_under_water_one_cm":800,"minecraft:swim_one_cm":582,"minecraft:fall_one_cm":685,"minecraft:fly_one_cm":8216}},"DataVersion":3465}