{"stats":{"minecraft:broken":{"minecraft:stone_pickaxe":1},"minecraft:picked_up":{"minecraft:andesite":3,"minecraft:leather":1,"minecraft:torch":2,"minecraft:gravel":13,"minecraft:flint":2,"minecraft:oak_log":16,"minecraft:diorite":7,"minecraft:yellow_bed":3,"minecraft:string":3,"minecraft:dirt":17,"minecraft:bone":1,"minecraft:arrow":1,"minecraft:rotten_flesh":2,"minecraft:wheat_seeds":1,"minecraft:beef":3,"minecraft:oak_fence_gate":1,"minecraft:coal":18,"minecraft:cobblestone":98,"minecraft:egg":1},"minecraft:used":{"minecraft:diorite":7,"minecraft:stone_sword":6,"minecraft:apple":2,"minecraft:bread":7,"minecraft:stone_pickaxe":132,"minecraft:string":2,"minecraft:chest":1,"minecraft:wooden_pickaxe":21,"minecraft:gravel":10,"minecraft:torch":4,"minecraft:dirt":17,"minecraft:cobblestone":77,"minecraft:crafting_table":1,"minecraft:andesite":3,"minecraft:yellow_bed":3,"minecraft:egg":1},"minecraft:dropped":{"minecraft:gravel":1,"minecraft:wheat_seeds":1},"minecraft:crafted":{"minecraft:oak_planks":64,"minecraft:crafting_table":1,"minecraft:stick":96,"minecraft:wooden_pickaxe":1,"minecraft:stone_pickaxe":2,"minecraft:stone_sword":1,"minecraft:chest":1,"minecraft:torch":48},"minecraft:mined":{"minecraft:andesite":3,"minecraft:torch":1,"minecraft:yellow_bed":3,"minecraft:grass":2,"minecraft:grass_block":10,"minecraft:coal_ore":18,"minecraft:oak_log":16,"minecraft:dirt":7,"minecraft:tall_grass":3,"minecraft:cobblestone":1,"minecraft:stone":97,"minecraft:diorite":8,"minecraft:oak_leaves":4,"minecraft:wall_torch":2},"minecraft:killed":{"minecraft:zombie":1,"minecraft:cow":2},"minecraft:custom":{"minecraft:time_since_rest":1625,"minecraft:sprint_one_cm":66758,"minecraft:damage_taken":333,"minecraft:walk_one_cm":88390,"minecraft:mob_kills":3,"minecraft:drop":2,"minecraft:damage_dealt":442,"minecraft:talked_to_villager":3,"minecraft:interact_with_crafting_table":8,"minecraft:fly_one_cm":43739,"minecraft:open_chest":8,"minecraft:play_one_minute":32335,"minecraft:crouch_one_cm":4946,"minecraft:bell_ring":7,"minecraft:sneak_time":1252,"minecraft:walk_under_water_one_cm":828,"minecraft:jump":557,"minecraft:leave_game":1,"minecraft:time_since_death":32335,"minecraft:walk_on_water_one_cm":5555,"minecraft:sleep_in_bed":3,"minecraft:fall_one_cm":12465}},"DataVersion":2586}