{"stats":{"minecraft:picked_up":{"vehicle:jack":1,"tac:type81_x":3,"tac:udp_9":4,"vehicle:vehicle_crate":3,"tac:scar_l":1,"minecraft:tripwire_hook":5,"tac:c96":2,"tac:hk416_a5":3,"tac:57x28":49,"securitycraft:taser":1,"minecraft:end_portal_frame":3,"minecraft:potato":1,"tac:large_extended_mag":1,"minecraft:oak_log":3,"vehicle:blaze_juice_bucket":1,"minecraft:gunpowder":6,"tac:old_8x_scope":2,"minecraft:dirt":2,"minecraft:string":6,"tac:dp28":2,"minecraft:item_frame":2,"tac:bullet_308":120,"minecraft:bone":5,"minecraft:wheat_seeds":4,"minecraft:orange_tulip":1,"minecraft:netherite_sword":3,"cgm:mini_gun":1,"securitycraft:reinforced_lever":2,"tac:nato_556_bullet":60,"minecraft:iron_ingot":1,"vehicle:workstation":1,"minecraft:jungle_sapling":2,"minecraft:glowstone_dust":82,"cgm:advanced_bullet":2560,"minecraft:dark_oak_door":1,"tac:ammo_he":1,"minecraft:stone":1,"tac:colt_python":2,"minecraft:torch":3,"minecraft:enderman_spawn_egg":3,"minecraft:netherite_shovel":1,"tac:mp9":2,"minecraft:white_bed":1,"minecraft:grass_block":1,"tac:qmk152":2,"tac:micro_uzi":2,"minecraft:spider_eye":6,"tac:skin_jade":2,"minecraft:arrow":6,"minecraft:rotten_flesh":5,"tac:blank_skin_mod_lvl1":1,"tac:m82a2":1,"tac:scar_mk20":1,"minecraft:bone_meal":2,"tac:ai_awp":1,"minecraft:white_concrete":1,"minecraft:saddle":9,"minecraft:gold_ingot":3,"minecraft:light_gray_carpet":3,"minecraft:ravager_spawn_egg":1,"tac:uncommon_material":16,"minecraft:blaze_rod":65,"minecraft:black_wool":1,"tac:m1a1_smg":2,"minecraft:mutton":10,"minecraft:coal":128,"minecraft:white_wool":4},"minecraft:killed_by":{"minecraft:player":6,"minecraft:zombie":1},"minecraft:dropped":{"tac:skin_magenta":1,"cgm:advanced_bullet":704,"tac:type81_x":3,"tac:bullet_308":60,"minecraft:yellow_concrete":1,"minecraft:netherite_sword":1,"vehicle:blaze_juice_bucket":1,"securitycraft:taser":1,"minecraft:netherite_shovel":1,"vehicle:vehicle_crate":1,"minecraft:saddle":3,"tac:skin_jade":2,"tac:old_8x_scope":1,"tac:hk416_a5":1,"minecraft:grass_block":1,"minecraft:enderman_spawn_egg":1,"minecraft:dirt":2,"tac:ammo_he":1,"minecraft:gunpowder":1,"minecraft:torch":1,"securitycraft:reinforced_lever":1,"tac:colt_python":2,"tac:uncommon_material":8,"minecraft:end_portal_frame":1,"tac:qmk152":1,"minecraft:jungle_sapling":2,"minecraft:spider_eye":1,"minecraft:bone_meal":2,"vehicle:jack":1},"minecraft:crafted":{"vehicle:spray_can":2,"minecraft:light_blue_dye":1},"minecraft:mined":{"minecraft:tall_grass":3,"minecraft:grass":27,"minecraft:oak_log":3,"minecraft:oak_leaves":2},"minecraft:custom":{"minecraft:mob_kills":66,"minecraft:interact_with_crafting_table":5,"minecraft:play_one_minute":507721,"minecraft:leave_game":16,"minecraft:time_since_death":395107,"minecraft:climb_one_cm":490,"minecraft:time_since_rest":403319,"minecraft:damage_taken":2368,"minecraft:sprint_one_cm":90593,"minecraft:walk_one_cm":1288518,"minecraft:drop":56,"minecraft:damage_dealt":483,"minecraft:swim_one_cm":1524,"minecraft:fly_one_cm":2579347,"minecraft:player_kills":3,"minecraft:open_chest":2,"minecraft:crouch_one_cm":16542,"minecraft:deaths":8,"minecraft:sneak_time":13852,"minecraft:walk_under_water_one_cm":5018,"minecraft:jump":1953,"minecraft:walk_on_water_one_cm":4153,"minecraft:fall_one_cm":9911},"minecraft:killed":{"minecraft:spider":19,"minecraft:wandering_trader":1,"minecraft:ravager":1,"minecraft:creeper":14,"minecraft:sheep":5,"minecraft:skeleton":9,"minecraft:trader_llama":1,"minecraft:donkey":2,"minecraft:zombie":9,"minecraft:cow":1},"minecraft:used":{"vehicle:fuelium_bucket":3,"tac:workbench":1,"minecraft:iron_bars":321,"vehicle:fluid_extractor":8,"minecraft:iron_shovel":1172,"minecraft:flint_and_steel":1,"minecraft:orange_concrete":1,"minecraft:oak_planks":48,"minecraft:chest":35,"minecraft:spruce_planks":1,"vehicle:workstation":2,"minecraft:sandstone":1,"minecraft:stone":221,"minecraft:cauldron":8,"vehicle:vehicle_crate":16,"vehicle:fuel_drum":10,"minecraft:torch":14,"vehicle:jack":1,"minecraft:dirt":35,"minecraft:mutton":2,"cgm:workbench":1,"vehicle:fluid_mixer":31,"minecraft:crafting_table":2,"minecraft:yellow_concrete":125,"minecraft:spruce_log":6,"minecraft:dark_oak_door":2,"minecraft:obsidian":2,"minecraft:glass":1,"minecraft:jungle_sapling":58,"minecraft:lever":32,"securitycraft:reinforced_lever":32,"minecraft:black_concrete":166,"minecraft:netherite_shovel":85,"minecraft:bricks":6,"minecraft:quartz_slab":6,"minecraft:grass_block":187,"minecraft:birch_sapling":84,"cgm:grenade":1,"vehicle:fluid_pump":28,"minecraft:smooth_quartz":38,"minecraft:gravel":5,"minecraft:spruce_sapling":100,"minecraft:stone_brick_stairs":5,"minecraft:stone_bricks":80,"minecraft:item_frame":12,"minecraft:oak_sapling":10,"minecraft:podzol":66,"vehicle:gas_pump":7,"vehicle:ender_sap_bucket":2,"cgm:mini_gun":99,"minecraft:bone_meal":1156,"vehicle:fluid_pipe":336,"minecraft:dark_oak_sapling":13}},"DataVersion":2586}