{"stats":{"minecraft:custom":{"minecraft:mob_kills":18,"minecraft:interact_with_crafting_table":5,"minecraft:play_one_minute":112661,"minecraft:leave_game":9,"minecraft:time_since_death":47,"minecraft:time_since_rest":8259,"minecraft:sprint_one_cm":49838,"minecraft:damage_taken":2368,"minecraft:walk_one_cm":147150,"minecraft:drop":41,"minecraft:damage_dealt":483,"minecraft:swim_one_cm":1524,"minecraft:fly_one_cm":201305,"minecraft:player_kills":3,"minecraft:crouch_one_cm":2355,"minecraft:deaths":8,"minecraft:sneak_time":1575,"minecraft:walk_under_water_one_cm":5018,"minecraft:jump":761,"minecraft:walk_on_water_one_cm":4153,"minecraft:fall_one_cm":9702},"minecraft:killed_by":{"minecraft:player":6,"minecraft:zombie":1},"minecraft:crafted":{"vehicle:spray_can":2,"minecraft:light_blue_dye":1},"minecraft:dropped":{"tac:skin_magenta":1,"cgm:advanced_bullet":704,"tac:bullet_308":60,"minecraft:netherite_sword":1,"vehicle:blaze_juice_bucket":1,"vehicle:vehicle_crate":1,"minecraft:saddle":3,"tac:skin_jade":2,"tac:old_8x_scope":1,"tac:hk416_a5":1,"minecraft:enderman_spawn_egg":1,"tac:ammo_he":1,"minecraft:gunpowder":1,"tac:colt_python":2,"tac:uncommon_material":8,"minecraft:end_portal_frame":1,"tac:qmk152":1,"minecraft:spider_eye":1,"vehicle:jack":1},"minecraft:killed":{"minecraft:spider":1,"minecraft:ravager":1,"minecraft:creeper":3,"minecraft:sheep":5,"minecraft:skeleton":2,"minecraft:zombie":2,"minecraft:cow":1},"minecraft:used":{"vehicle:fuelium_bucket":3,"tac:workbench":1,"vehicle:workstation":2,"minecraft:cauldron":8,"vehicle:vehicle_crate":15,"vehicle:jack":1,"minecraft:mutton":2,"cgm:workbench":1,"minecraft:crafting_table":2,"vehicle:fluid_mixer":4,"minecraft:grass_block":4,"cgm:grenade":1,"vehicle:fluid_pipe":6,"cgm:mini_gun":99,"vehicle:ender_sap_bucket":2},"minecraft:picked_up":{"vehicle:jack":1,"tac:udp_9":4,"vehicle:vehicle_crate":3,"tac:scar_l":1,"tac:hk416_a5":3,"tac:c96":2,"tac:57x28":49,"minecraft:end_portal_frame":3,"tac:large_extended_mag":1,"minecraft:oak_log":3,"minecraft:gunpowder":3,"vehicle:blaze_juice_bucket":1,"tac:old_8x_scope":2,"minecraft:string":1,"tac:dp28":2,"tac:bullet_308":120,"minecraft:bone":1,"minecraft:wheat_seeds":4,"minecraft:netherite_sword":3,"tac:nato_556_bullet":60,"minecraft:iron_ingot":1,"vehicle:workstation":1,"cgm:advanced_bullet":2560,"tac:ammo_he":1,"tac:colt_python":2,"minecraft:enderman_spawn_egg":3,"tac:mp9":2,"minecraft:white_bed":1,"tac:qmk152":2,"tac:micro_uzi":2,"minecraft:spider_eye":3,"tac:skin_jade":2,"minecraft:rotten_flesh":2,"tac:blank_skin_mod_lvl1":1,"tac:m82a2":1,"tac:scar_mk20":1,"tac:ai_awp":1,"minecraft:white_concrete":1,"minecraft:saddle":9,"minecraft:gold_ingot":3,"minecraft:ravager_spawn_egg":1,"tac:m1a1_smg":2,"minecraft:black_wool":1,"tac:uncommon_material":16,"minecraft:mutton":10,"minecraft:white_wool":4},"minecraft:mined":{"minecraft:tall_grass":3,"minecraft:grass":27,"minecraft:oak_log":3,"minecraft:oak_leaves":2}},"DataVersion":2586}