{"stats":{"minecraft:picked_up":{"minecraft:wheat_seeds":1,"minecraft:oak_log":3,"minecraft:black_wool":1,"minecraft:mutton":10,"minecraft:white_wool":4},"minecraft:killed":{"minecraft:sheep":5},"minecraft:mined":{"minecraft:grass":27,"minecraft:oak_log":3,"minecraft:tall_grass":3,"minecraft:oak_leaves":2},"minecraft:custom":{"minecraft:time_since_rest":14069,"minecraft:crouch_one_cm":50,"minecraft:play_one_minute":29549,"minecraft:damage_taken":290,"minecraft:sprint_one_cm":25531,"minecraft:deaths":1,"minecraft:walk_one_cm":43869,"minecraft:sneak_time":469,"minecraft:walk_under_water_one_cm":4821,"minecraft:mob_kills":5,"minecraft:jump":341,"minecraft:damage_dealt":469,"minecraft:leave_game":3,"minecraft:time_since_death":10317,"minecraft:walk_on_water_one_cm":3695,"minecraft:swim_one_cm":1524,"minecraft:fall_one_cm":7568,"minecraft:fly_one_cm":146915},"minecraft:killed_by":{"minecraft:zombie":1},"minecraft:used":{"minecraft:mutton":2,"minecraft:grass_block":3}},"DataVersion":2586}