{"stats":{"minecraft:used":{"minecraft:dirt":2},"minecraft:mined":{"minecraft:grass":3,"minecraft:grass_block":3},"minecraft:picked_up":{"minecraft:dirt":3},"minecraft:custom":{"minecraft:jump":79,"minecraft:time_since_rest":5853,"minecraft:damage_taken":20,"minecraft:leave_game":2,"minecraft:crouch_one_cm":29,"minecraft:play_time":5853,"minecraft:sprint_one_cm":10077,"minecraft:time_since_death":5853,"minecraft:walk_on_water_one_cm":436,"minecraft:walk_one_cm":5729,"minecraft:sneak_time":59,"minecraft:total_world_time":5853,"minecraft:walk_under_water_one_cm":800,"minecraft:swim_one_cm":582,"minecraft:fall_one_cm":1298,"minecraft:fly_one_cm":9550}},"DataVersion":3465}