{"stats":{"minecraft:mined":{"minecraft:grass":27,"minecraft:oak_log":3,"minecraft:tall_grass":3,"minecraft:oak_leaves":2},"minecraft:used":{"minecraft:mutton":2},"minecraft:killed_by":{"minecraft:zombie":1},"minecraft:custom":{"minecraft:time_since_rest":7993,"minecraft:crouch_one_cm":26,"minecraft:play_one_minute":23473,"minecraft:deaths":1,"minecraft:sprint_one_cm":24772,"minecraft:damage_taken":290,"minecraft:walk_one_cm":40155,"minecraft:sneak_time":387,"minecraft:walk_under_water_one_cm":4821,"minecraft:mob_kills":5,"minecraft:jump":282,"minecraft:damage_dealt":434,"minecraft:leave_game":1,"minecraft:time_since_death":4241,"minecraft:walk_on_water_one_cm":3695,"minecraft:swim_one_cm":1524,"minecraft:fall_one_cm":7568,"minecraft:fly_one_cm":77702},"minecraft:picked_up":{"minecraft:wheat_seeds":1,"minecraft:oak_log":3,"minecraft:black_wool":1,"minecraft:mutton":10,"minecraft:white_wool":4},"minecraft:killed":{"minecraft:sheep":5}},"DataVersion":2586}