{"stats":{"minecraft:picked_up":{"minecraft:bone":1,"minecraft:arrow":1,"minecraft:wheat_seeds":1,"minecraft:string":3},"minecraft:used":{"minecraft:string":2},"minecraft:custom":{"minecraft:jump":30,"minecraft:open_chest":2,"minecraft:time_since_rest":2712,"minecraft:crouch_one_cm":63,"minecraft:play_one_minute":2712,"minecraft:leave_game":1,"minecraft:damage_taken":65,"minecraft:sprint_one_cm":9012,"minecraft:time_since_death":2712,"minecraft:walk_one_cm":7191,"minecraft:bell_ring":7,"minecraft:sneak_time":47,"minecraft:fall_one_cm":418,"minecraft:fly_one_cm":3689}},"DataVersion":2586}