{"stats":{"minecraft:broken":{"minecraft:stone_pickaxe":1},"minecraft:picked_up":{"minecraft:andesite":3,"minecraft:leather":1,"minecraft:torch":3,"minecraft:gravel":13,"minecraft:flint":2,"minecraft:oak_log":16,"minecraft:diorite":7,"minecraft:yellow_bed":3,"minecraft:string":3,"minecraft:dirt":17,"minecraft:bone":1,"minecraft:arrow":1,"minecraft:rotten_flesh":2,"minecraft:wheat_seeds":1,"minecraft:beef":3,"minecraft:oak_fence_gate":1,"minecraft:iron_ore":7,"minecraft:coal":23,"minecraft:cobblestone":152,"minecraft:egg":1},"minecraft:used":{"minecraft:diorite":7,"minecraft:stone_sword":6,"minecraft:apple":2,"minecraft:bread":7,"minecraft:stone_pickaxe":198,"minecraft:string":2,"minecraft:chest":1,"minecraft:wooden_pickaxe":22,"minecraft:gravel":10,"minecraft:torch":5,"minecraft:dirt":17,"minecraft:cobblestone":136,"minecraft:crafting_table":1,"minecraft:andesite":3,"minecraft:yellow_bed":3,"minecraft:egg":1},"minecraft:dropped":{"minecraft:gravel":1,"minecraft:wheat_seeds":1},"minecraft:crafted":{"minecraft:oak_planks":64,"minecraft:crafting_table":1,"minecraft:stick":96,"minecraft:wooden_pickaxe":1,"minecraft:stone_pickaxe":2,"minecraft:stone_sword":1,"minecraft:chest":1,"minecraft:torch":48},"minecraft:killed":{"minecraft:zombie":1,"minecraft:cow":2},"minecraft:mined":{"minecraft:iron_ore":7,"minecraft:andesite":3,"minecraft:torch":1,"minecraft:yellow_bed":3,"minecraft:grass":2,"minecraft:grass_block":10,"minecraft:coal_ore":23,"minecraft:oak_log":16,"minecraft:dirt":7,"minecraft:tall_grass":3,"minecraft:cobblestone":4,"minecraft:stone":148,"minecraft:diorite":8,"minecraft:oak_leaves":4,"minecraft:wall_torch":3},"minecraft:custom":{"minecraft:time_since_rest":755,"minecraft:sprint_one_cm":73718,"minecraft:damage_taken":333,"minecraft:walk_one_cm":98821,"minecraft:mob_kills":3,"minecraft:drop":2,"minecraft:damage_dealt":442,"minecraft:talked_to_villager":3,"minecraft:interact_with_crafting_table":8,"minecraft:fly_one_cm":45428,"minecraft:open_chest":8,"minecraft:play_one_minute":46521,"minecraft:crouch_one_cm":4958,"minecraft:bell_ring":7,"minecraft:sneak_time":1261,"minecraft:walk_under_water_one_cm":828,"minecraft:jump":643,"minecraft:leave_game":2,"minecraft:time_since_death":46521,"minecraft:walk_on_water_one_cm":5555,"minecraft:sleep_in_bed":4,"minecraft:fall_one_cm":12465}},"DataVersion":2586}