{"stats":{"minecraft:picked_up":{"vehicle:jack":1,"tac:type81_x":3,"tac:udp_9":4,"vehicle:vehicle_crate":3,"tac:scar_l":1,"tac:hk416_a5":3,"securitycraft:taser":1,"vehicle:blaze_juice_bucket":1,"minecraft:string":6,"tac:dp28":2,"tac:bullet_308":120,"minecraft:item_frame":2,"minecraft:netherite_sword":3,"cgm:mini_gun":1,"vehicle:workstation":1,"securitycraft:reinforced_lever":2,"minecraft:jungle_sapling":2,"cgm:advanced_bullet":2560,"minecraft:dark_oak_door":1,"minecraft:stone":1,"tac:colt_python":2,"minecraft:torch":3,"minecraft:netherite_shovel":1,"tac:mp9":2,"tac:micro_uzi":2,"minecraft:arrow":6,"minecraft:rotten_flesh":5,"tac:m82a2":1,"tac:scar_mk20":1,"tac:ai_awp":1,"minecraft:saddle":9,"minecraft:gold_ingot":3,"minecraft:ravager_spawn_egg":1,"minecraft:blaze_rod":65,"minecraft:mutton":10,"minecraft:white_wool":4,"minecraft:tripwire_hook":5,"tac:c96":2,"tac:57x28":49,"minecraft:end_portal_frame":3,"minecraft:potato":1,"tac:large_extended_mag":1,"minecraft:oak_log":3,"minecraft:gunpowder":6,"tac:old_8x_scope":2,"minecraft:dirt":2,"minecraft:bone":5,"minecraft:orange_tulip":1,"minecraft:wheat_seeds":4,"tac:nato_556_bullet":60,"minecraft:iron_ingot":1,"minecraft:glowstone_dust":82,"tac:ammo_he":1,"minecraft:enderman_spawn_egg":3,"minecraft:grass_block":1,"minecraft:white_bed":1,"tac:qmk152":2,"minecraft:spider_eye":6,"tac:skin_jade":2,"tac:blank_skin_mod_lvl1":1,"minecraft:bone_meal":2,"minecraft:white_concrete":1,"minecraft:coal":128,"minecraft:black_wool":1,"tac:uncommon_material":16,"minecraft:light_gray_carpet":3,"tac:m1a1_smg":2},"minecraft:killed_by":{"minecraft:player":6,"minecraft:zombie":1},"minecraft:dropped":{"tac:type81_x":3,"tac:bullet_308":60,"minecraft:yellow_concrete":1,"vehicle:blaze_juice_bucket":1,"minecraft:saddle":3,"tac:hk416_a5":1,"minecraft:grass_block":1,"minecraft:enderman_spawn_egg":1,"minecraft:dirt":2,"tac:ammo_he":1,"minecraft:torch":1,"securitycraft:reinforced_lever":1,"tac:colt_python":2,"tac:qmk152":1,"minecraft:jungle_sapling":2,"minecraft:bone_meal":2,"vehicle:jack":1,"tac:skin_magenta":1,"cgm:advanced_bullet":704,"minecraft:netherite_sword":1,"securitycraft:taser":1,"minecraft:netherite_shovel":1,"vehicle:vehicle_crate":1,"tac:skin_jade":2,"tac:old_8x_scope":1,"minecraft:gunpowder":1,"tac:uncommon_material":8,"minecraft:end_portal_frame":1,"minecraft:spider_eye":1},"minecraft:crafted":{"vehicle:spray_can":2,"minecraft:light_blue_dye":1},"minecraft:mined":{"minecraft:tall_grass":3,"minecraft:grass":27,"minecraft:oak_log":3,"minecraft:oak_leaves":2},"minecraft:custom":{"minecraft:mob_kills":66,"minecraft:interact_with_crafting_table":5,"minecraft:leave_game":16,"minecraft:time_since_death":407107,"minecraft:climb_one_cm":490,"minecraft:sprint_one_cm":90761,"minecraft:walk_one_cm":1343913,"minecraft:drop":56,"minecraft:deaths":8,"minecraft:sneak_time":14129,"minecraft:walk_under_water_one_cm":5018,"minecraft:jump":2017,"minecraft:walk_on_water_one_cm":4153,"minecraft:play_one_minute":519721,"minecraft:time_since_rest":415319,"minecraft:damage_taken":2368,"minecraft:damage_dealt":483,"minecraft:fly_one_cm":2586099,"minecraft:swim_one_cm":1524,"minecraft:player_kills":3,"minecraft:open_chest":2,"minecraft:crouch_one_cm":16888,"minecraft:fall_one_cm":9911},"minecraft:killed":{"minecraft:spider":19,"minecraft:skeleton":9,"minecraft:wandering_trader":1,"minecraft:ravager":1,"minecraft:creeper":14,"minecraft:sheep":5,"minecraft:trader_llama":1,"minecraft:donkey":2,"minecraft:zombie":9,"minecraft:cow":1},"minecraft:used":{"minecraft:iron_bars":321,"minecraft:iron_shovel":1172,"minecraft:orange_concrete":1,"minecraft:flint_and_steel":1,"minecraft:redstone":3,"minecraft:spruce_planks":1,"minecraft:chest":35,"minecraft:stone":221,"minecraft:quartz_stairs":4,"vehicle:vehicle_crate":16,"minecraft:torch":14,"minecraft:dirt":35,"minecraft:mutton":2,"cgm:workbench":1,"minecraft:obsidian":2,"minecraft:jungle_sapling":58,"minecraft:glass":5,"minecraft:netherite_shovel":85,"minecraft:bricks":6,"minecraft:bookshelf":2,"minecraft:quartz_slab":6,"minecraft:grass_block":187,"minecraft:birch_sapling":84,"minecraft:smooth_quartz":56,"minecraft:stone_brick_stairs":5,"minecraft:stone_bricks":80,"minecraft:item_frame":12,"minecraft:repeater":20,"minecraft:oak_sapling":10,"minecraft:podzol":66,"vehicle:fluid_pipe":336,"minecraft:dark_oak_sapling":13,"vehicle:fuelium_bucket":3,"tac:workbench":1,"vehicle:fluid_extractor":8,"minecraft:oak_planks":72,"minecraft:sandstone":1,"vehicle:workstation":2,"minecraft:cauldron":8,"vehicle:fuel_drum":10,"securitycraft:reinforced_sticky_piston":1,"vehicle:jack":1,"securitycraft:reinforced_redstone_block":1,"minecraft:crafting_table":2,"vehicle:fluid_mixer":31,"minecraft:yellow_concrete":125,"minecraft:spruce_log":6,"minecraft:dark_oak_door":2,"minecraft:redstone_torch":15,"minecraft:lever":32,"minecraft:black_concrete":166,"securitycraft:reinforced_lever":34,"cgm:grenade":1,"vehicle:fluid_pump":28,"minecraft:spruce_sapling":100,"minecraft:gravel":5,"vehicle:gas_pump":7,"cgm:mini_gun":99,"vehicle:ender_sap_bucket":2,"minecraft:bone_meal":1156}},"DataVersion":2586}