{"stats":{"minecraft:picked_up":{"minecraft:andesite":3,"minecraft:torch":2,"minecraft:gravel":13,"minecraft:flint":2,"minecraft:oak_log":16,"minecraft:diorite":3,"minecraft:yellow_bed":3,"minecraft:string":3,"minecraft:dirt":7,"minecraft:bone":1,"minecraft:arrow":1,"minecraft:rotten_flesh":2,"minecraft:wheat_seeds":1,"minecraft:beef":2,"minecraft:oak_fence_gate":1,"minecraft:coal":15,"minecraft:cobblestone":23,"minecraft:egg":1},"minecraft:used":{"minecraft:stone_sword":2,"minecraft:apple":2,"minecraft:bread":6,"minecraft:stone_pickaxe":47,"minecraft:string":2,"minecraft:wooden_pickaxe":16,"minecraft:gravel":10,"minecraft:torch":2,"minecraft:dirt":1,"minecraft:crafting_table":1,"minecraft:andesite":2,"minecraft:yellow_bed":3,"minecraft:egg":1},"minecraft:dropped":{"minecraft:gravel":1,"minecraft:wheat_seeds":1},"minecraft:crafted":{"minecraft:oak_planks":56,"minecraft:crafting_table":1,"minecraft:stick":96,"minecraft:wooden_pickaxe":1,"minecraft:stone_pickaxe":1,"minecraft:stone_sword":1,"minecraft:torch":48},"minecraft:mined":{"minecraft:andesite":3,"minecraft:torch":1,"minecraft:yellow_bed":3,"minecraft:grass":2,"minecraft:grass_block":4,"minecraft:coal_ore":15,"minecraft:oak_log":16,"minecraft:dirt":3,"minecraft:tall_grass":3,"minecraft:stone":23,"minecraft:diorite":4,"minecraft:oak_leaves":4,"minecraft:wall_torch":1},"minecraft:killed":{"minecraft:zombie":1,"minecraft:cow":1},"minecraft:custom":{"minecraft:time_since_rest":3425,"minecraft:sprint_one_cm":58223,"minecraft:damage_taken":313,"minecraft:walk_one_cm":65037,"minecraft:mob_kills":2,"minecraft:drop":2,"minecraft:damage_dealt":342,"minecraft:talked_to_villager":3,"minecraft:interact_with_crafting_table":5,"minecraft:fly_one_cm":41081,"minecraft:open_chest":6,"minecraft:play_one_minute":20335,"minecraft:crouch_one_cm":209,"minecraft:bell_ring":7,"minecraft:sneak_time":91,"minecraft:walk_under_water_one_cm":828,"minecraft:jump":427,"minecraft:leave_game":1,"minecraft:time_since_death":20335,"minecraft:walk_on_water_one_cm":5555,"minecraft:sleep_in_bed":2,"minecraft:fall_one_cm":11025}},"DataVersion":2586}