{"stats":{"minecraft:used":{"minecraft:apple":2,"minecraft:bread":1,"minecraft:string":2,"minecraft:yellow_bed":1,"minecraft:egg":1},"minecraft:picked_up":{"minecraft:rotten_flesh":2,"minecraft:arrow":1,"minecraft:bone":1,"minecraft:wheat_seeds":1,"minecraft:gravel":12,"minecraft:oak_fence_gate":1,"minecraft:flint":2,"minecraft:oak_log":14,"minecraft:yellow_bed":1,"minecraft:string":3,"minecraft:egg":1},"minecraft:dropped":{"minecraft:wheat_seeds":1},"minecraft:killed":{"minecraft:zombie":1},"minecraft:mined":{"minecraft:grass":1,"minecraft:oak_log":14,"minecraft:tall_grass":3,"minecraft:oak_leaves":4,"minecraft:yellow_bed":1},"minecraft:custom":{"minecraft:time_since_rest":4231,"minecraft:open_chest":6,"minecraft:crouch_one_cm":209,"minecraft:play_one_minute":8335,"minecraft:sprint_one_cm":23418,"minecraft:damage_taken":200,"minecraft:walk_one_cm":23651,"minecraft:sneak_time":85,"minecraft:bell_ring":7,"minecraft:walk_under_water_one_cm":828,"minecraft:mob_kills":1,"minecraft:drop":1,"minecraft:jump":145,"minecraft:damage_dealt":164,"minecraft:leave_game":1,"minecraft:walk_on_water_one_cm":4384,"minecraft:time_since_death":8335,"minecraft:sleep_in_bed":1,"minecraft:fall_one_cm":3156,"minecraft:fly_one_cm":18064}},"DataVersion":2586}