{"stats":{"minecraft:custom":{"minecraft:jump":58,"minecraft:time_since_rest":2156,"minecraft:crouch_one_cm":143,"minecraft:damage_dealt":43,"minecraft:play_one_minute":2156,"minecraft:leave_game":1,"minecraft:sprint_one_cm":4886,"minecraft:walk_on_water_one_cm":1053,"minecraft:time_since_death":2156,"minecraft:walk_one_cm":4557,"minecraft:sneak_time":46,"minecraft:walk_under_water_one_cm":1316,"minecraft:swim_one_cm":2435,"minecraft:fall_one_cm":1639,"minecraft:fly_one_cm":7648},"minecraft:mined":{"minecraft:grass":2,"minecraft:tall_grass":2,"minecraft:birch_leaves":2}},"DataVersion":2586}