{"stats":{"minecraft:crafted":{"minecraft:cooked_beef":7,"minecraft:oak_planks":16,"minecraft:crafting_table":1,"minecraft:stick":8,"minecraft:wooden_pickaxe":1,"minecraft:stone_pickaxe":1,"minecraft:wooden_axe":1,"minecraft:furnace":1,"minecraft:stone_axe":1,"minecraft:cooked_mutton":1,"minecraft:air":0},"minecraft:custom":{"minecraft:time_since_rest":16839,"minecraft:interact_with_furnace":3,"minecraft:sprint_one_cm":18239,"minecraft:damage_taken":70,"minecraft:walk_one_cm":27416,"minecraft:mob_kills":10,"minecraft:damage_dealt":1063,"minecraft:swim_one_cm":2435,"minecraft:interact_with_crafting_table":5,"minecraft:fly_one_cm":26217,"minecraft:crouch_one_cm":720,"minecraft:play_one_minute":16839,"minecraft:sneak_time":397,"minecraft:walk_under_water_one_cm":1316,"minecraft:jump":208,"minecraft:leave_game":2,"minecraft:walk_on_water_one_cm":1053,"minecraft:time_since_death":16839,"minecraft:fall_one_cm":4881},"minecraft:used":{"minecraft:wooden_axe":20,"minecraft:stone_pickaxe":10,"minecraft:wooden_pickaxe":9,"minecraft:stone_axe":11,"minecraft:crafting_table":2,"minecraft:furnace":1,"minecraft:cooked_beef":1},"minecraft:picked_up":{"minecraft:crafting_table":2,"minecraft:leather":6,"minecraft:oak_log":9,"minecraft:string":1,"minecraft:cooked_mutton":2,"minecraft:wheat_seeds":1,"minecraft:beef":13,"minecraft:oak_sapling":1,"minecraft:mutton":3,"minecraft:coal":6,"minecraft:white_wool":2,"minecraft:cobblestone":14,"minecraft:furnace":1},"minecraft:killed":{"minecraft:sheep":2,"minecraft:spider":1,"minecraft:cow":7},"minecraft:mined":{"minecraft:furnace":1,"minecraft:birch_leaves":2,"minecraft:bee_nest":1,"minecraft:crafting_table":2,"minecraft:grass":8,"minecraft:oak_log":9,"minecraft:coal_ore":4,"minecraft:tall_grass":2,"minecraft:stone":14,"minecraft:oak_leaves":2}},"DataVersion":2586}