{"stats":{"minecraft:crafted":{"minecraft:oak_planks":16,"minecraft:crafting_table":1,"minecraft:stick":8,"minecraft:wooden_pickaxe":1,"minecraft:stone_pickaxe":1,"minecraft:wooden_axe":1,"minecraft:furnace":1,"minecraft:stone_axe":1},"minecraft:custom":{"minecraft:time_since_rest":9533,"minecraft:interact_with_furnace":1,"minecraft:sprint_one_cm":9595,"minecraft:walk_one_cm":12426,"minecraft:mob_kills":6,"minecraft:damage_dealt":603,"minecraft:interact_with_crafting_table":5,"minecraft:swim_one_cm":2435,"minecraft:fly_one_cm":17503,"minecraft:play_one_minute":9533,"minecraft:crouch_one_cm":143,"minecraft:sneak_time":46,"minecraft:walk_under_water_one_cm":1316,"minecraft:jump":139,"minecraft:leave_game":2,"minecraft:time_since_death":9533,"minecraft:walk_on_water_one_cm":1053,"minecraft:fall_one_cm":3102},"minecraft:used":{"minecraft:wooden_axe":20,"minecraft:stone_pickaxe":9,"minecraft:wooden_pickaxe":9,"minecraft:crafting_table":2,"minecraft:furnace":1},"minecraft:picked_up":{"minecraft:crafting_table":1,"minecraft:leather":4,"minecraft:oak_log":9,"minecraft:wheat_seeds":1,"minecraft:beef":7,"minecraft:oak_sapling":1,"minecraft:mutton":3,"minecraft:coal":4,"minecraft:white_wool":2,"minecraft:cobblestone":14},"minecraft:killed":{"minecraft:sheep":2,"minecraft:cow":4},"minecraft:mined":{"minecraft:birch_leaves":2,"minecraft:crafting_table":1,"minecraft:grass":6,"minecraft:oak_log":9,"minecraft:coal_ore":4,"minecraft:tall_grass":2,"minecraft:stone":14,"minecraft:oak_leaves":2}},"DataVersion":2586}