{"stats":{"minecraft:used":{"minecraft:rotten_flesh":2,"minecraft:dirt":2,"minecraft:enchanted_golden_apple":4},"minecraft:picked_up":{"minecraft:birch_log":2,"tac:round45":90,"tac:udp_9":6,"minecraft:dandelion":1,"vehicle:panel":15,"vehicle:wood_large_engine":3,"minecraft:grass_block":4,"minecraft:gunpowder":5,"minecraft:redstone":16,"minecraft:string":9,"minecraft:dirt":34,"minecraft:rotten_flesh":2,"minecraft:glass_pane":9,"minecraft:wheat_seeds":3,"minecraft:iron_ingot":230,"minecraft:enchanted_golden_apple":43,"tac:9mm_round":408,"vehicle:standard_wheel":3,"minecraft:black_wool":24},"minecraft:killed_by":{"minecraft:player":3,"minecraft:witch":2,"minecraft:zombie":3},"minecraft:mined":{"minecraft:birch_log":1,"minecraft:dandelion":1,"minecraft:grass":26,"minecraft:grass_block":3,"minecraft:tall_grass":5,"minecraft:oxeye_daisy":1},"minecraft:killed":{"minecraft:zombie":4,"minecraft:creeper":1},"minecraft:dropped":{"minecraft:wheat_seeds":2,"minecraft:gunpowder":1,"minecraft:glass_pane":3},"minecraft:custom":{"minecraft:time_since_rest":3163,"minecraft:sprint_one_cm":63206,"minecraft:walk_one_cm":57442,"minecraft:damage_taken":2575,"minecraft:damage_absorbed":320,"minecraft:mob_kills":6,"minecraft:drop":4,"minecraft:damage_dealt":215,"minecraft:fly_one_cm":113239,"minecraft:play_one_minute":37588,"minecraft:crouch_one_cm":880,"minecraft:deaths":8,"minecraft:sneak_time":360,"minecraft:walk_under_water_one_cm":304,"minecraft:jump":549,"minecraft:leave_game":7,"minecraft:time_since_death":630,"minecraft:walk_on_water_one_cm":195,"minecraft:damage_resisted":255,"minecraft:fall_one_cm":11039}},"DataVersion":2586}