{"stats":{"minecraft:used":{"minecraft:dirt":2,"minecraft:enchanted_golden_apple":2},"minecraft:picked_up":{"minecraft:birch_log":2,"tac:udp_9":4,"minecraft:rotten_flesh":1,"minecraft:wheat_seeds":1,"tac:9mm_round":408,"minecraft:enchanted_golden_apple":33,"minecraft:grass_block":2,"minecraft:dirt":2},"minecraft:killed_by":{"minecraft:zombie":1,"minecraft:player":3},"minecraft:mined":{"minecraft:grass":5,"minecraft:grass_block":2,"minecraft:birch_log":1,"minecraft:tall_grass":1},"minecraft:killed":{"minecraft:zombie":2,"minecraft:creeper":1},"minecraft:dropped":{"minecraft:wheat_seeds":1},"minecraft:custom":{"minecraft:time_since_rest":4865,"minecraft:crouch_one_cm":880,"minecraft:play_one_minute":25676,"minecraft:sprint_one_cm":30989,"minecraft:damage_taken":1208,"minecraft:deaths":4,"minecraft:walk_one_cm":33042,"minecraft:sneak_time":360,"minecraft:mob_kills":4,"minecraft:drop":1,"minecraft:jump":230,"minecraft:damage_dealt":29,"minecraft:leave_game":6,"minecraft:time_since_death":4351,"minecraft:damage_resisted":32,"minecraft:fall_one_cm":5667,"minecraft:fly_one_cm":42229}},"DataVersion":2586}