{"stats":{"minecraft:used":{"minecraft:grass_block":314,"vehicle:vehicle_crate":2,"minecraft:rotten_flesh":2,"minecraft:dirt":2,"minecraft:potion":1,"minecraft:enchanted_golden_apple":4},"minecraft:picked_up":{"minecraft:netherite_boots":7,"minecraft:birch_log":2,"minecraft:stick":1,"tac:round45":90,"tac:udp_9":7,"vehicle:vehicle_crate":2,"tac:50bmg":312,"tac:scar_l":6,"minecraft:salmon":1,"minecraft:leather":10,"minecraft:lead":5,"minecraft:dandelion":1,"minecraft:potion":2,"vehicle:panel":15,"vehicle:wood_large_engine":4,"minecraft:grass_block":386,"minecraft:gunpowder":5,"minecraft:redstone":16,"minecraft:netherite_leggings":4,"minecraft:spider_eye":2,"minecraft:dirt":48,"minecraft:string":14,"minecraft:arrow":8,"minecraft:rotten_flesh":2,"minecraft:glass_pane":12,"minecraft:peony":8,"minecraft:netherite_helmet":4,"minecraft:wheat_seeds":8,"tac:m82a2":12,"minecraft:glass_bottle":3,"tac:nato_556_bullet":1186,"minecraft:iron_ingot":230,"minecraft:netherite_chestplate":4,"minecraft:poppy":4,"minecraft:mutton":2,"minecraft:oak_sapling":2,"minecraft:birch_sapling":1,"tac:9mm_round":408,"minecraft:enchanted_golden_apple":68,"minecraft:black_wool":24,"vehicle:standard_wheel":4,"minecraft:white_wool":1},"minecraft:killed_by":{"minecraft:player":10,"minecraft:witch":2,"minecraft:zombie":3,"minecraft:enderman":1},"minecraft:mined":{"vehicle:vehicle_crate":1,"minecraft:birch_log":1,"minecraft:dandelion":1,"minecraft:grass":27,"minecraft:grass_block":3,"minecraft:tall_grass":5,"minecraft:oxeye_daisy":1,"minecraft:oak_leaves":1},"minecraft:killed":{"minecraft:skeleton":1,"minecraft:zombie":6,"minecraft:salmon":1,"minecraft:spider":2,"minecraft:drowned":1,"minecraft:creeper":2},"minecraft:dropped":{"minecraft:wheat_seeds":2,"minecraft:gunpowder":1,"tac:m82a2":1,"minecraft:peony":2,"minecraft:glass_bottle":1,"tac:scar_l":2,"minecraft:grass_block":1,"minecraft:glass_pane":3},"minecraft:custom":{"minecraft:time_since_rest":3916,"minecraft:sprint_one_cm":114613,"minecraft:damage_absorbed":320,"minecraft:damage_taken":8283,"minecraft:walk_one_cm":116243,"minecraft:mob_kills":15,"minecraft:drop":11,"minecraft:damage_dealt":235,"minecraft:swim_one_cm":700,"minecraft:player_kills":3,"minecraft:fly_one_cm":1027704,"minecraft:crouch_one_cm":24381,"minecraft:play_one_minute":132348,"minecraft:deaths":16,"minecraft:sneak_time":11173,"minecraft:walk_under_water_one_cm":5645,"minecraft:jump":1185,"minecraft:leave_game":7,"minecraft:walk_on_water_one_cm":16021,"minecraft:time_since_death":3884,"minecraft:damage_resisted":255,"minecraft:fall_one_cm":15910}},"DataVersion":2586}