{"stats":{"minecraft:used":{"minecraft:dirt":2,"minecraft:enchanted_golden_apple":1},"minecraft:picked_up":{"minecraft:birch_log":2,"tac:udp_9":3,"minecraft:grass_block":1,"tac:9mm_round":335,"minecraft:enchanted_golden_apple":25,"minecraft:dirt":2},"minecraft:killed_by":{"minecraft:player":3},"minecraft:mined":{"minecraft:grass":2,"minecraft:grass_block":2,"minecraft:birch_log":1,"minecraft:tall_grass":1},"minecraft:custom":{"minecraft:time_since_rest":3994,"minecraft:play_one_minute":20428,"minecraft:crouch_one_cm":703,"minecraft:sprint_one_cm":22406,"minecraft:damage_taken":883,"minecraft:deaths":3,"minecraft:walk_one_cm":24721,"minecraft:sneak_time":347,"minecraft:mob_kills":1,"minecraft:jump":172,"minecraft:damage_dealt":29,"minecraft:leave_game":4,"minecraft:time_since_death":3938,"minecraft:damage_resisted":32,"minecraft:fall_one_cm":4204,"minecraft:fly_one_cm":24419}},"DataVersion":2586}