{"stats":{"minecraft:killed":{"minecraft:witch":2,"minecraft:salmon":1,"minecraft:spider":12,"minecraft:creeper":16,"minecraft:squid":1,"minecraft:skeleton":14,"minecraft:zombie":16,"minecraft:drowned":1},"minecraft:mined":{"minecraft:dandelion":1,"minecraft:grass_block":3,"minecraft:tall_grass":5,"minecraft:oxeye_daisy":1,"vehicle:vehicle_crate":1,"minecraft:birch_log":1,"minecraft:grass":27,"minecraft:oak_leaves":1},"minecraft:crafted":{"vehicle:spray_can":1},"minecraft:custom":{"minecraft:mob_kills":66,"minecraft:interact_with_crafting_table":1,"minecraft:play_one_minute":330791,"minecraft:leave_game":14,"minecraft:time_since_death":202327,"minecraft:damage_resisted":255,"minecraft:time_since_rest":202359,"minecraft:damage_absorbed":320,"minecraft:sprint_one_cm":182705,"minecraft:damage_taken":8283,"minecraft:walk_one_cm":316829,"minecraft:drop":21,"minecraft:damage_dealt":235,"minecraft:swim_one_cm":700,"minecraft:fly_one_cm":1983253,"minecraft:player_kills":3,"minecraft:crouch_one_cm":60845,"minecraft:deaths":16,"minecraft:sneak_time":23008,"minecraft:walk_under_water_one_cm":11867,"minecraft:jump":1735,"minecraft:walk_on_water_one_cm":19127,"minecraft:fall_one_cm":15910},"minecraft:picked_up":{"minecraft:birch_log":2,"tac:round45":90,"minecraft:netherite_boots":7,"tac:udp_9":7,"vehicle:vehicle_crate":2,"tac:scar_l":7,"minecraft:tripwire_hook":4,"minecraft:salmon":1,"minecraft:leather":10,"minecraft:lead":5,"minecraft:potion":2,"tac:large_extended_mag":1,"vehicle:wood_large_engine":4,"vehicle:panel":15,"minecraft:oak_log":2,"minecraft:gunpowder":10,"minecraft:netherite_leggings":4,"minecraft:string":21,"minecraft:dirt":302,"minecraft:bone":3,"minecraft:glass_pane":12,"minecraft:apple":2,"minecraft:wheat_seeds":8,"tac:nato_556_bullet":1186,"minecraft:iron_ingot":230,"minecraft:glass_bottle":3,"minecraft:poppy":4,"minecraft:smooth_quartz":32,"minecraft:enchanted_golden_apple":68,"tac:9mm_round":408,"vehicle:standard_wheel":4,"tac:skin_black":1,"minecraft:birch_sapling":1,"minecraft:spruce_trapdoor":3,"minecraft:purple_concrete":1,"minecraft:book":8,"minecraft:stick":3,"tac:50bmg":312,"minecraft:dandelion":1,"tac:ultimate_material":1,"minecraft:grass_block":386,"minecraft:redstone":16,"minecraft:spider_eye":4,"minecraft:arrow":14,"minecraft:rotten_flesh":7,"minecraft:netherite_helmet":4,"minecraft:black_concrete":31,"minecraft:peony":8,"tac:m82a2":12,"minecraft:netherite_chestplate":4,"minecraft:oak_sapling":8,"minecraft:black_wool":24,"minecraft:mutton":2,"minecraft:white_wool":1},"minecraft:killed_by":{"minecraft:player":10,"minecraft:witch":2,"minecraft:zombie":3,"minecraft:enderman":1},"minecraft:used":{"minecraft:water_bucket":1,"minecraft:orange_concrete":294,"minecraft:smooth_quartz_slab":86,"cgm:stun_grenade":4,"minecraft:black_carpet":65,"vehicle:vehicle_crate":20,"minecraft:quartz_stairs":28,"minecraft:rotten_flesh":2,"minecraft:smooth_quartz_stairs":1,"minecraft:oak_leaves":229,"vehicle:jack":1,"minecraft:orange_carpet":2,"minecraft:dirt":34,"minecraft:crafting_table":1,"minecraft:painting":17,"minecraft:yellow_concrete":132,"minecraft:cake":1,"cgm:bazooka":16,"minecraft:shroomlight":249,"minecraft:glass":60,"minecraft:sea_lantern":44,"minecraft:black_concrete":228,"minecraft:bookshelf":18,"minecraft:quartz_slab":74,"minecraft:grass_block":548,"minecraft:polished_andesite_stairs":8,"cgm:grenade":1,"minecraft:quartz_block":24,"minecraft:spruce_trapdoor":8,"minecraft:smooth_quartz":351,"minecraft:stone_bricks":6,"minecraft:item_frame":2,"cgm:grenade_launcher":19,"minecraft:tripwire_hook":5,"minecraft:purple_concrete":135,"minecraft:potion":1,"vehicle:traffic_cone":17,"minecraft:acacia_fence":2,"minecraft:glass_pane":43,"minecraft:sea_pickle":11,"minecraft:turtle_egg":3,"cgm:mini_gun":57,"minecraft:purple_carpet":34,"minecraft:enchanted_golden_apple":4},"minecraft:dropped":{"minecraft:wheat_seeds":2,"tac:m82a2":1,"minecraft:glass_bottle":1,"tac:large_extended_mag":1,"tac:scar_l":3,"minecraft:grass_block":1,"minecraft:glass_pane":3,"minecraft:gunpowder":1,"minecraft:peony":2,"cgm:bazooka":1,"tac:ultimate_material":1,"minecraft:glass":1,"minecraft:black_concrete":2,"minecraft:tripwire_hook":3}},"DataVersion":2586}