{"stats":{"minecraft:used":{"minecraft:dirt":1,"minecraft:enchanted_golden_apple":1},"minecraft:picked_up":{"minecraft:birch_log":1,"tac:udp_9":1,"minecraft:enchanted_golden_apple":9,"tac:9mm_round":120,"minecraft:dirt":1},"minecraft:killed_by":{"minecraft:player":1},"minecraft:mined":{"minecraft:grass":2,"minecraft:grass_block":1,"minecraft:birch_log":1,"minecraft:tall_grass":1},"minecraft:custom":{"minecraft:time_since_rest":324,"minecraft:play_one_minute":10796,"minecraft:crouch_one_cm":703,"minecraft:sprint_one_cm":17589,"minecraft:deaths":1,"minecraft:damage_taken":359,"minecraft:walk_one_cm":17330,"minecraft:sneak_time":341,"minecraft:mob_kills":1,"minecraft:jump":149,"minecraft:damage_dealt":29,"minecraft:leave_game":1,"minecraft:time_since_death":286,"minecraft:damage_resisted":32,"minecraft:fall_one_cm":3237,"minecraft:fly_one_cm":23243}},"DataVersion":2586}