{"stats":{"minecraft:used":{"vehicle:vehicle_crate":2,"minecraft:rotten_flesh":2,"minecraft:dirt":2,"minecraft:enchanted_golden_apple":4},"minecraft:picked_up":{"minecraft:birch_log":2,"tac:round45":90,"tac:udp_9":7,"vehicle:vehicle_crate":2,"tac:50bmg":200,"minecraft:leather":8,"minecraft:lead":4,"minecraft:dandelion":1,"vehicle:panel":15,"vehicle:wood_large_engine":4,"minecraft:grass_block":6,"minecraft:gunpowder":5,"minecraft:redstone":16,"minecraft:spider_eye":1,"minecraft:dirt":34,"minecraft:string":13,"minecraft:rotten_flesh":2,"minecraft:glass_pane":12,"minecraft:wheat_seeds":4,"tac:m82a2":3,"minecraft:iron_ingot":230,"tac:9mm_round":408,"minecraft:enchanted_golden_apple":63,"minecraft:black_wool":24,"vehicle:standard_wheel":4},"minecraft:killed_by":{"minecraft:player":7,"minecraft:witch":2,"minecraft:zombie":3},"minecraft:mined":{"vehicle:vehicle_crate":1,"minecraft:birch_log":1,"minecraft:dandelion":1,"minecraft:grass":27,"minecraft:grass_block":3,"minecraft:tall_grass":5,"minecraft:oxeye_daisy":1,"minecraft:oak_leaves":1},"minecraft:killed":{"minecraft:skeleton":1,"minecraft:zombie":4,"minecraft:spider":2,"minecraft:creeper":2},"minecraft:dropped":{"minecraft:wheat_seeds":2,"minecraft:gunpowder":1,"minecraft:grass_block":1,"minecraft:glass_pane":3},"minecraft:custom":{"minecraft:time_since_rest":2260,"minecraft:sprint_one_cm":78620,"minecraft:damage_absorbed":320,"minecraft:damage_taken":7557,"minecraft:walk_one_cm":76334,"minecraft:mob_kills":10,"minecraft:drop":5,"minecraft:damage_dealt":225,"minecraft:player_kills":1,"minecraft:fly_one_cm":152333,"minecraft:crouch_one_cm":3230,"minecraft:play_one_minute":48348,"minecraft:deaths":12,"minecraft:sneak_time":1060,"minecraft:walk_under_water_one_cm":304,"minecraft:jump":728,"minecraft:leave_game":7,"minecraft:walk_on_water_one_cm":195,"minecraft:time_since_death":2234,"minecraft:damage_resisted":255,"minecraft:fall_one_cm":14956}},"DataVersion":2586}