{"stats":{"minecraft:killed":{"minecraft:witch":1,"minecraft:salmon":1,"minecraft:spider":2,"minecraft:creeper":2,"minecraft:skeleton":1,"minecraft:zombie":8,"minecraft:drowned":1},"minecraft:mined":{"minecraft:dandelion":1,"minecraft:grass_block":3,"minecraft:tall_grass":5,"minecraft:oxeye_daisy":1,"vehicle:vehicle_crate":1,"minecraft:birch_log":1,"minecraft:grass":27,"minecraft:oak_leaves":1},"minecraft:custom":{"minecraft:mob_kills":18,"minecraft:play_one_minute":171488,"minecraft:leave_game":9,"minecraft:time_since_death":43024,"minecraft:damage_resisted":255,"minecraft:time_since_rest":43056,"minecraft:sprint_one_cm":121507,"minecraft:walk_one_cm":164922,"minecraft:damage_taken":8283,"minecraft:damage_absorbed":320,"minecraft:drop":15,"minecraft:damage_dealt":235,"minecraft:swim_one_cm":700,"minecraft:fly_one_cm":1153498,"minecraft:player_kills":3,"minecraft:crouch_one_cm":33096,"minecraft:deaths":16,"minecraft:sneak_time":13764,"minecraft:walk_under_water_one_cm":6374,"minecraft:jump":1305,"minecraft:walk_on_water_one_cm":16888,"minecraft:fall_one_cm":15910},"minecraft:picked_up":{"minecraft:birch_log":2,"tac:round45":90,"minecraft:netherite_boots":7,"tac:udp_9":7,"vehicle:vehicle_crate":2,"tac:scar_l":7,"minecraft:salmon":1,"minecraft:leather":10,"minecraft:lead":5,"minecraft:potion":2,"tac:large_extended_mag":1,"vehicle:panel":15,"vehicle:wood_large_engine":4,"minecraft:gunpowder":5,"minecraft:netherite_leggings":4,"minecraft:dirt":71,"minecraft:string":14,"minecraft:glass_pane":12,"minecraft:wheat_seeds":8,"tac:nato_556_bullet":1186,"minecraft:iron_ingot":230,"minecraft:smooth_quartz":32,"minecraft:enchanted_golden_apple":68,"minecraft:glass_bottle":3,"minecraft:poppy":4,"tac:9mm_round":408,"vehicle:standard_wheel":4,"tac:skin_black":1,"minecraft:birch_sapling":1,"minecraft:spruce_trapdoor":3,"minecraft:book":8,"minecraft:stick":1,"tac:50bmg":312,"minecraft:dandelion":1,"tac:ultimate_material":1,"minecraft:grass_block":386,"minecraft:redstone":16,"minecraft:spider_eye":2,"minecraft:arrow":8,"minecraft:rotten_flesh":2,"minecraft:black_concrete":29,"minecraft:netherite_helmet":4,"minecraft:peony":8,"tac:m82a2":12,"minecraft:netherite_chestplate":4,"minecraft:oak_sapling":2,"minecraft:black_wool":24,"minecraft:mutton":2,"minecraft:white_wool":1},"minecraft:killed_by":{"minecraft:player":10,"minecraft:witch":2,"minecraft:zombie":3,"minecraft:enderman":1},"minecraft:used":{"minecraft:orange_concrete":96,"cgm:stun_grenade":4,"minecraft:quartz_stairs":11,"vehicle:vehicle_crate":6,"minecraft:rotten_flesh":2,"minecraft:orange_carpet":2,"vehicle:jack":1,"minecraft:dirt":16,"minecraft:yellow_concrete":46,"cgm:bazooka":3,"minecraft:cake":1,"minecraft:glass":27,"minecraft:sea_lantern":7,"minecraft:black_concrete":32,"minecraft:bookshelf":18,"minecraft:grass_block":314,"minecraft:polished_andesite_stairs":8,"cgm:grenade":1,"minecraft:spruce_trapdoor":8,"minecraft:smooth_quartz":28,"minecraft:item_frame":2,"cgm:grenade_launcher":5,"minecraft:potion":1,"minecraft:acacia_fence":2,"minecraft:sea_pickle":11,"minecraft:turtle_egg":3,"cgm:mini_gun":31,"minecraft:enchanted_golden_apple":4},"minecraft:dropped":{"minecraft:wheat_seeds":2,"tac:m82a2":1,"minecraft:glass_bottle":1,"tac:large_extended_mag":1,"tac:scar_l":3,"minecraft:glass_pane":3,"minecraft:grass_block":1,"minecraft:gunpowder":1,"minecraft:peony":2,"cgm:bazooka":1,"tac:ultimate_material":1}},"DataVersion":2586}