{"stats":{"minecraft:used":{"minecraft:grass_block":310,"vehicle:vehicle_crate":2,"minecraft:rotten_flesh":2,"minecraft:dirt":2,"minecraft:enchanted_golden_apple":4},"minecraft:picked_up":{"minecraft:netherite_boots":1,"minecraft:birch_log":2,"minecraft:stick":1,"tac:round45":90,"tac:udp_9":7,"vehicle:vehicle_crate":2,"tac:50bmg":232,"tac:scar_l":1,"minecraft:salmon":1,"minecraft:leather":10,"minecraft:lead":5,"minecraft:dandelion":1,"vehicle:panel":15,"vehicle:wood_large_engine":4,"minecraft:grass_block":8,"minecraft:gunpowder":5,"minecraft:redstone":16,"minecraft:netherite_leggings":1,"minecraft:spider_eye":2,"minecraft:dirt":34,"minecraft:string":14,"minecraft:rotten_flesh":2,"minecraft:glass_pane":12,"minecraft:netherite_helmet":1,"minecraft:wheat_seeds":8,"tac:m82a2":5,"minecraft:iron_ingot":230,"minecraft:netherite_chestplate":1,"minecraft:poppy":4,"minecraft:mutton":2,"minecraft:oak_sapling":2,"minecraft:birch_sapling":1,"tac:9mm_round":408,"minecraft:enchanted_golden_apple":68,"minecraft:black_wool":24,"vehicle:standard_wheel":4,"minecraft:white_wool":1},"minecraft:killed_by":{"minecraft:player":7,"minecraft:witch":2,"minecraft:zombie":3,"minecraft:enderman":1},"minecraft:mined":{"vehicle:vehicle_crate":1,"minecraft:birch_log":1,"minecraft:dandelion":1,"minecraft:grass":27,"minecraft:grass_block":3,"minecraft:tall_grass":5,"minecraft:oxeye_daisy":1,"minecraft:oak_leaves":1},"minecraft:killed":{"minecraft:skeleton":1,"minecraft:zombie":4,"minecraft:salmon":1,"minecraft:spider":2,"minecraft:drowned":1,"minecraft:creeper":2},"minecraft:dropped":{"minecraft:wheat_seeds":2,"minecraft:gunpowder":1,"minecraft:grass_block":1,"minecraft:glass_pane":3},"minecraft:custom":{"minecraft:time_since_rest":71983,"minecraft:sprint_one_cm":95309,"minecraft:damage_absorbed":320,"minecraft:damage_taken":7602,"minecraft:walk_one_cm":100109,"minecraft:mob_kills":13,"minecraft:drop":5,"minecraft:damage_dealt":235,"minecraft:swim_one_cm":700,"minecraft:player_kills":1,"minecraft:fly_one_cm":972191,"minecraft:crouch_one_cm":19292,"minecraft:play_one_minute":120348,"minecraft:deaths":13,"minecraft:sneak_time":9291,"minecraft:walk_under_water_one_cm":5645,"minecraft:jump":998,"minecraft:leave_game":7,"minecraft:walk_on_water_one_cm":16021,"minecraft:time_since_death":71951,"minecraft:damage_resisted":255,"minecraft:fall_one_cm":15225}},"DataVersion":2586}