{"stats":{"minecraft:killed_by":{"minecraft:ravager":1,"minecraft:witch":2,"minecraft:zombie":3,"minecraft:player":23,"minecraft:enderman":1},"minecraft:dropped":{"tac:scar_h":10,"minecraft:glass_bottle":1,"tac:large_extended_mag":8,"tac:round45":840,"minecraft:cooked_porkchop":63,"tac:scar_l":4,"minecraft:lantern":1,"minecraft:saddle":1,"minecraft:item_frame":1,"minecraft:dirt":1,"tac:coyote_sight":6,"minecraft:stone_button":64,"minecraft:black_stained_glass_pane":1,"securitycraft:reinforced_lever":1,"tac:aimpoint_t1":1,"tac:ultimate_material":1,"minecraft:black_concrete":4,"minecraft:music_disc_stal":1,"tac:50bmg":630,"minecraft:bone":2,"tac:win_30-30":792,"minecraft:obsidian":1,"vehicle:vehicle_crate":30,"minecraft:birch_fence_gate":64,"securitycraft:codebreaker":1,"minecraft:sea_lantern":1,"minecraft:gunpowder":2,"tac:ae50":840,"minecraft:glass":1,"minecraft:arrow":1,"tac:deagle_357":6,"minecraft:stripped_spruce_log":1,"minecraft:wheat_seeds":2,"tac:light_grip":7,"securitycraft:security_camera":2,"cgm:missile":832,"minecraft:grass_block":6,"minecraft:milk_bucket":1,"minecraft:light_blue_stained_glass":1,"minecraft:torch":4,"minecraft:smooth_quartz":3,"minecraft:potion":2,"minecraft:smooth_quartz_slab":2,"minecraft:tripwire_hook":3,"minecraft:gray_carpet":3,"securitycraft:mine":4,"tac:silencer":7,"tac:m82a2":17,"securitycraft:universal_block_reinforcer_lvl3":1,"minecraft:smooth_stone_slab":1,"minecraft:wither_skeleton_skull":1,"tac:ammo_i":26,"minecraft:light_gray_concrete":4,"minecraft:glass_pane":3,"tac:udp_9":15,"minecraft:stone":2,"minecraft:peony":2,"cgm:bazooka":18,"minecraft:andesite_stairs":1,"tac:sks_tactical":1,"tac:vector45":17,"tac:9mm_round":960},"minecraft:custom":{"minecraft:interact_with_crafting_table":3,"minecraft:leave_game":24,"minecraft:time_since_death":34571,"minecraft:damage_resisted":255,"minecraft:sprint_one_cm":487746,"minecraft:drop":344,"minecraft:deaths":32,"minecraft:jump":4046,"minecraft:walk_on_water_one_cm":29660,"minecraft:play_one_minute":1193927,"minecraft:interact_with_loom":4,"minecraft:damage_dealt":845,"minecraft:player_kills":13,"minecraft:crouch_one_cm":171632,"minecraft:mob_kills":131,"minecraft:climb_one_cm":1331,"minecraft:walk_one_cm":1411555,"minecraft:damage_dealt_absorbed":357,"minecraft:sneak_time":70993,"minecraft:walk_under_water_one_cm":22250,"minecraft:tune_noteblock":4,"minecraft:pot_flower":8,"minecraft:time_since_rest":34595,"minecraft:damage_taken":12491,"minecraft:damage_absorbed":320,"minecraft:fly_one_cm":6021909,"minecraft:swim_one_cm":846,"minecraft:open_chest":28,"minecraft:fall_one_cm":23331},"minecraft:used":{"minecraft:smooth_quartz_slab":1316,"minecraft:spruce_slab":47,"minecraft:bone_block":17,"minecraft:black_carpet":126,"minecraft:chest":2,"minecraft:stone":270,"securitycraft:security_camera":9,"minecraft:quartz_stairs":206,"minecraft:bubble_coral":5,"minecraft:smooth_sandstone_stairs":3,"minecraft:rotten_flesh":2,"minecraft:tube_coral":2,"minecraft:spruce_leaves":30,"securitycraft:reinforced_light_blue_stained_glass":142,"minecraft:stripped_spruce_log":43,"minecraft:milk_bucket":2,"minecraft:obsidian":1,"minecraft:glass":83,"securitycraft:camera_monitor":4,"minecraft:stripped_dark_oak_wood":30,"minecraft:red_wool":6,"minecraft:quartz_slab":104,"minecraft:black_stained_glass_pane":577,"minecraft:lantern":72,"minecraft:grass_block":1088,"minecraft:polished_andesite_stairs":24,"minecraft:quartz_block":28,"minecraft:dark_oak_slab":66,"minecraft:dark_oak_button":2,"minecraft:stone_bricks":8,"minecraft:item_frame":13,"minecraft:bedrock":13,"minecraft:red_carpet":4,"minecraft:snow":139,"minecraft:horn_coral":5,"vehicle:traffic_cone":20,"minecraft:acacia_fence":2,"minecraft:polished_diorite_stairs":2,"minecraft:gray_banner":10,"minecraft:potato":11,"minecraft:stripped_spruce_wood":8,"minecraft:dark_oak_stairs":50,"minecraft:diorite":21,"minecraft:end_rod":61,"minecraft:cow_spawn_egg":6,"minecraft:wither_skeleton_skull":13,"minecraft:gray_carpet":69,"minecraft:oak_planks":34,"minecraft:oak_leaves":557,"minecraft:smooth_quartz_stairs":326,"minecraft:dark_oak_trapdoor":15,"vehicle:jack":1,"minecraft:sand":55,"minecraft:loom":1,"minecraft:black_banner":2,"minecraft:yellow_concrete":165,"minecraft:dead_bubble_coral":16,"cgm:bazooka":49,"securitycraft:reinforced_ladder":3,"minecraft:note_block":6,"minecraft:gray_concrete":431,"minecraft:stone_brick_wall":4,"securitycraft:reinforced_hopper":1,"minecraft:black_concrete_powder":24,"minecraft:lever":2,"minecraft:black_concrete":388,"minecraft:birch_fence_gate":2,"minecraft:daylight_detector":2,"minecraft:dark_oak_log":10,"minecraft:gray_stained_glass_pane":4,"minecraft:light_gray_concrete":725,"minecraft:birch_slab":16,"minecraft:heavy_weighted_pressure_plate":5,"minecraft:stone_button":6,"minecraft:oak_pressure_plate":16,"minecraft:iron_door":19,"cgm:assault_rifle":57,"minecraft:cat_spawn_egg":11,"minecraft:polished_andesite_slab":14,"securitycraft:mine":2,"minecraft:stripped_oak_wood":3,"minecraft:dark_oak_fence":4,"minecraft:andesite":491,"minecraft:smooth_stone_slab":18,"minecraft:white_concrete":182,"minecraft:tropical_fish_bucket":8,"cgm:mini_gun":738,"minecraft:oak_trapdoor":25,"minecraft:petrified_oak_slab":25,"minecraft:netherite_sword":5,"minecraft:orange_concrete":294,"minecraft:dead_bush":16,"minecraft:red_concrete":85,"minecraft:light_gray_carpet":25,"minecraft:spruce_planks":26,"vehicle:vehicle_crate":46,"minecraft:dirt":228,"minecraft:white_carpet":32,"minecraft:prismarine_bricks":1,"minecraft:spruce_stairs":13,"securitycraft:reinforced_black_carpet":25,"cgm:rifle":40,"minecraft:spruce_fence":3,"minecraft:light_blue_stained_glass":108,"minecraft:oak_fence_gate":5,"minecraft:polished_diorite":21,"minecraft:andesite_wall":7,"minecraft:birch_door":1,"minecraft:shroomlight":298,"minecraft:stone_brick_slab":2,"minecraft:dark_oak_planks":109,"minecraft:sea_lantern":437,"minecraft:bookshelf":81,"minecraft:oak_stairs":12,"minecraft:smooth_quartz":3643,"cgm:grenade_launcher":40,"securitycraft:sentry":5,"minecraft:tripwire_hook":9,"minecraft:purple_concrete":135,"minecraft:glowstone":120,"minecraft:black_stained_glass":48,"minecraft:iron_trapdoor":68,"minecraft:white_stained_glass_pane":87,"securitycraft:block_pocket_wall":3,"minecraft:stone_pressure_plate":7,"minecraft:turtle_egg":18,"minecraft:enchanted_golden_apple":4,"minecraft:pumpkin":4,"minecraft:water_bucket":28,"minecraft:snow_block":3,"minecraft:birch_planks":570,"cgm:pistol":17,"minecraft:polished_andesite":113,"cgm:stun_grenade":4,"minecraft:andesite_slab":190,"minecraft:cut_sandstone":122,"minecraft:spruce_fence_gate":2,"minecraft:polished_blackstone_pressure_plate":3,"securitycraft:reinforced_dark_oak_stairs":6,"minecraft:orange_carpet":2,"minecraft:light_gray_banner":1,"minecraft:vine":20,"minecraft:oak_slab":108,"minecraft:crafting_table":3,"minecraft:red_bed":3,"securitycraft:reinforced_cauldron":7,"minecraft:campfire":5,"minecraft:fire_coral":2,"minecraft:painting":61,"minecraft:smoker":2,"minecraft:smooth_red_sandstone_stairs":2,"minecraft:cake":1,"minecraft:spruce_log":2,"minecraft:nether_gold_ore":72,"minecraft:ender_eye":17,"minecraft:flower_pot":10,"securitycraft:reinforced_lever":6,"minecraft:oak_button":1,"cgm:grenade":1,"minecraft:spruce_trapdoor":241,"securitycraft:secret_birch_sign_item":2,"minecraft:potion":2,"minecraft:end_crystal":17,"minecraft:white_banner":21,"minecraft:cooked_porkchop":1,"minecraft:andesite_stairs":75,"minecraft:glass_pane":46,"minecraft:end_portal_frame":35,"minecraft:sea_pickle":24,"minecraft:kelp":2,"minecraft:purple_carpet":34,"minecraft:splash_potion":2,"minecraft:birch_stairs":55},"minecraft:crafted":{"vehicle:spray_can":3},"minecraft:mined":{"minecraft:grass_block":3,"minecraft:oxeye_daisy":1,"minecraft:light_blue_stained_glass":2,"minecraft:birch_log":1,"minecraft:grass":27,"minecraft:oak_leaves":1,"minecraft:dandelion":1,"minecraft:tall_grass":5,"vehicle:vehicle_crate":1},"minecraft:killed":{"minecraft:witch":2,"minecraft:spider":20,"minecraft:skeleton":26,"minecraft:cat":2,"minecraft:pig":1,"minecraft:salmon":1,"minecraft:ender_dragon":1,"minecraft:creeper":31,"minecraft:zombie":21,"minecraft:cow":2,"minecraft:phantom":1,"minecraft:drowned":1,"minecraft:squid":1,"minecraft:enderman":17},"minecraft:picked_up":{"tac:udp_9":16,"minecraft:black_carpet":2,"vehicle:vehicle_crate":4,"minecraft:lead":5,"minecraft:stone_slab":6,"minecraft:potion":3,"tac:light_grip":2,"minecraft:string":21,"minecraft:smooth_quartz":34,"minecraft:enchanted_golden_apple":68,"tac:sks_tactical":3,"minecraft:stick":3,"tac:ammo_i":5,"minecraft:torch":4,"securitycraft:camera_monitor":1,"minecraft:vine":1,"tac:vector45":1,"minecraft:rotten_flesh":10,"minecraft:glowstone":1,"minecraft:netherite_chestplate":4,"minecraft:birch_log":2,"tac:round45":90,"minecraft:potato":64,"vehicle:panel":15,"vehicle:wood_large_engine":4,"minecraft:netherite_leggings":4,"minecraft:dirt":302,"minecraft:lantern":2,"securitycraft:sentry":5,"minecraft:bone":6,"tac:silencer":2,"minecraft:wheat_seeds":10,"tac:9mm_round":1706,"securitycraft:universal_block_reinforcer_lvl3":1,"securitycraft:mine":3,"tac:50bmg":312,"minecraft:stripped_spruce_log":1,"minecraft:grass_block":388,"cgm:pistol":6,"minecraft:light_gray_concrete":10,"tac:scar_h":4,"minecraft:black_concrete":33,"minecraft:netherite_helmet":4,"minecraft:white_concrete":1,"minecraft:oak_sapling":8,"minecraft:oak_leaves":6,"minecraft:spruce_leaves":1,"tac:scar_l":9,"minecraft:item_frame":1,"minecraft:white_carpet":1,"minecraft:glass_pane":12,"minecraft:beef":2,"minecraft:andesite_stairs":1,"minecraft:poppy":5,"vehicle:standard_wheel":4,"minecraft:birch_sapling":1,"tac:ir_laser":1,"minecraft:spruce_trapdoor":3,"tac:ultimate_material":3,"minecraft:stone_button":1,"minecraft:redstone":16,"tac:coyote_sight":3,"minecraft:arrow":16,"tac:m82a2":14,"minecraft:peony":8,"tac:ai_awp":1,"minecraft:saddle":1,"minecraft:mutton":2,"minecraft:white_wool":1,"minecraft:netherite_boots":7,"securitycraft:reinforced_light_blue_stained_glass":1,"minecraft:dark_oak_button":1,"minecraft:tripwire_hook":4,"minecraft:salmon":1,"minecraft:leather":12,"minecraft:end_portal_frame":1,"minecraft:music_disc_stal":1,"tac:large_extended_mag":2,"minecraft:oak_log":2,"minecraft:gunpowder":24,"minecraft:apple":2,"minecraft:gray_carpet":5,"minecraft:iron_ingot":230,"securitycraft:security_camera":2,"tac:nato_556_bullet":1186,"minecraft:glass_bottle":3,"tac:skin_black":1,"minecraft:purple_concrete":1,"minecraft:book":8,"minecraft:yellow_concrete":1,"minecraft:stone_brick_slab":6,"minecraft:dandelion":1,"minecraft:light_blue_stained_glass":6,"minecraft:spider_eye":4,"tac:flash_grenade":4,"tac:specialised_grip":5,"minecraft:painting":1,"minecraft:black_wool":24,"minecraft:smooth_quartz_slab":2}},"DataVersion":2586}