{"stats":{"minecraft:used":{"vehicle:vehicle_crate":3,"minecraft:rotten_flesh":2,"minecraft:dirt":2,"minecraft:grass_block":314,"minecraft:potion":1,"minecraft:enchanted_golden_apple":4},"minecraft:picked_up":{"minecraft:birch_log":2,"tac:round45":90,"minecraft:netherite_boots":7,"tac:udp_9":7,"vehicle:vehicle_crate":2,"tac:scar_l":7,"minecraft:salmon":1,"minecraft:leather":10,"minecraft:lead":5,"tac:large_extended_mag":1,"minecraft:potion":2,"vehicle:panel":15,"vehicle:wood_large_engine":4,"minecraft:gunpowder":5,"minecraft:netherite_leggings":4,"minecraft:string":14,"minecraft:dirt":48,"minecraft:glass_pane":12,"minecraft:wheat_seeds":8,"tac:nato_556_bullet":1186,"minecraft:iron_ingot":230,"minecraft:poppy":4,"minecraft:enchanted_golden_apple":68,"minecraft:glass_bottle":3,"tac:9mm_round":408,"vehicle:standard_wheel":4,"tac:skin_black":1,"minecraft:birch_sapling":1,"minecraft:stick":1,"tac:50bmg":312,"minecraft:dandelion":1,"tac:ultimate_material":1,"minecraft:grass_block":386,"minecraft:redstone":16,"minecraft:spider_eye":2,"minecraft:arrow":8,"minecraft:rotten_flesh":2,"minecraft:netherite_helmet":4,"minecraft:peony":8,"tac:m82a2":12,"minecraft:netherite_chestplate":4,"minecraft:oak_sapling":2,"minecraft:black_wool":24,"minecraft:mutton":2,"minecraft:white_wool":1},"minecraft:mined":{"minecraft:dandelion":1,"minecraft:grass_block":3,"minecraft:tall_grass":5,"minecraft:oxeye_daisy":1,"vehicle:vehicle_crate":1,"minecraft:birch_log":1,"minecraft:grass":27,"minecraft:oak_leaves":1},"minecraft:killed_by":{"minecraft:player":10,"minecraft:witch":2,"minecraft:zombie":3,"minecraft:enderman":1},"minecraft:killed":{"minecraft:witch":1,"minecraft:salmon":1,"minecraft:spider":2,"minecraft:creeper":2,"minecraft:skeleton":1,"minecraft:zombie":8,"minecraft:drowned":1},"minecraft:dropped":{"minecraft:wheat_seeds":2,"tac:m82a2":1,"minecraft:glass_bottle":1,"tac:large_extended_mag":1,"tac:scar_l":3,"minecraft:glass_pane":3,"minecraft:grass_block":1,"minecraft:gunpowder":1,"minecraft:peony":2,"tac:ultimate_material":1},"minecraft:custom":{"minecraft:mob_kills":18,"minecraft:play_one_minute":144594,"minecraft:leave_game":8,"minecraft:damage_resisted":255,"minecraft:time_since_death":16130,"minecraft:time_since_rest":16162,"minecraft:walk_one_cm":140651,"minecraft:sprint_one_cm":119607,"minecraft:damage_taken":8283,"minecraft:damage_absorbed":320,"minecraft:drop":14,"minecraft:damage_dealt":235,"minecraft:swim_one_cm":700,"minecraft:fly_one_cm":1043981,"minecraft:player_kills":3,"minecraft:crouch_one_cm":26032,"minecraft:deaths":16,"minecraft:sneak_time":11520,"minecraft:walk_under_water_one_cm":5645,"minecraft:jump":1237,"minecraft:walk_on_water_one_cm":16021,"minecraft:fall_one_cm":15910}},"DataVersion":2586}