{
  "minecraft:recipes/misc/charcoal": {
    "criteria": {
      "has_log": "2024-08-25 19:59:13 +0000"
    },
    "done": true
  },
  "minecraft:recipes/building_blocks/oak_planks": {
    "criteria": {
      "has_logs": "2024-08-25 19:59:13 +0000"
    },
    "done": true
  },
  "securitycraft:recipes/securitycraft/sc_manual": {
    "criteria": {
      "has_wood": "2024-08-25 19:59:13 +0000"
    },
    "done": true
  },
  "minecraft:adventure/root": {
    "criteria": {
      "killed_something": "2024-08-25 19:54:23 +0000"
    },
    "done": true
  },
  "minecraft:adventure/kill_a_mob": {
    "criteria": {
      "minecraft:skeleton": "2024-08-25 19:54:23 +0000"
    },
    "done": true
  },
  "minecraft:adventure/kill_all_mobs": {
    "criteria": {
      "minecraft:skeleton": "2024-08-25 19:54:23 +0000",
      "minecraft:spider": "2024-08-25 19:55:58 +0000",
      "minecraft:creeper": "2024-08-25 19:56:01 +0000",
      "minecraft:enderman": "2024-08-25 19:58:34 +0000",
      "minecraft:zombie": "2024-08-25 19:56:03 +0000"
    },
    "done": false
  },
  "minecraft:recipes/building_blocks/oak_wood": {
    "criteria": {
      "has_log": "2024-08-25 19:59:13 +0000"
    },
    "done": true
  },
  "minecraft:adventure/adventuring_time": {
    "criteria": {
      "minecraft:forest": "2024-08-25 19:43:02 +0000",
      "minecraft:mountains": "2024-08-25 19:43:04 +0000",
      "minecraft:beach": "2024-08-25 20:00:11 +0000",
      "minecraft:river": "2024-08-25 19:43:01 +0000",
      "minecraft:wooded_hills": "2024-08-25 19:56:57 +0000",
      "minecraft:plains": "2024-08-25 19:39:03 +0000"
    },
    "done": false
  },
  "DataVersion": 2586
}