{
  "minecraft:adventure/root": {
    "criteria": {
      "killed_something": "2024-08-26 20:28:24 +0000"
    },
    "done": true
  },
  "minecraft:adventure/adventuring_time": {
    "criteria": {
      "minecraft:forest": "2024-08-26 20:29:11 +0000",
      "minecraft:mountains": "2024-08-26 20:29:06 +0000",
      "minecraft:birch_forest": "2024-08-26 20:30:43 +0000",
      "minecraft:beach": "2024-08-26 20:26:06 +0000",
      "minecraft:river": "2024-08-26 20:29:10 +0000",
      "minecraft:wooded_hills": "2024-08-26 20:29:58 +0000",
      "minecraft:plains": "2024-08-26 20:27:08 +0000"
    },
    "done": false
  },
  "DataVersion": 2586
}